username,posts_per_day,avg_post_length,num_hashtags,emoji_usage_percent,avg_post_hour,top_word_category,personality
user_0,9,285,2,43.64,8,informative,Introvert
user_1,7,147,8,39.85,19,informative,Introvert
user_2,2,231,5,25.75,21,neutral,Extrovert
user_3,6,282,0,6.54,5,neutral,Introvert
user_4,4,99,2,10.75,10,neutral,Introvert
user_5,3,184,3,32.81,2,informative,Extrovert
user_6,2,271,8,19.25,3,emotional,Extrovert
user_7,6,31,5,41.82,9,neutral,Introvert
user_8,8,231,3,47.5,18,informative,Introvert
user_9,6,131,0,40.28,5,neutral,Introvert
user_10,9,230,7,18.88,0,emotional,Introvert
user_11,5,258,1,39.43,7,emotional,Extrovert
user_12,2,287,7,17.57,7,emotional,Extrovert
user_13,8,77,5,8.36,5,emotional,Introvert
user_14,9,53,7,1.67,16,emotional,Extrovert
user_15,4,282,5,19.29,18,emotional,Extrovert
user_16,6,54,4,45.18,0,informative,Extrovert
user_17,8,290,4,11.95,14,neutral,Extrovert
user_18,9,246,9,10.33,12,emotional,Introvert
user_19,5,44,9,48.49,20,neutral,Extrovert
user_20,6,253,7,1.25,2,neutral,Extrovert
user_21,4,78,6,39.29,1,informative,Introvert
user_22,5,270,7,16.07,2,emotional,Introvert
user_23,7,105,7,1.87,8,emotional,Extrovert
user_24,9,270,6,45.89,15,informative,Introvert
user_25,6,199,1,6.98,23,informative,Extrovert
user_26,6,226,8,27.59,12,informative,Extrovert
user_27,8,168,6,13.7,18,informative,Introvert
user_28,4,90,5,3.26,17,informative,Introvert
user_29,3,140,8,2.5,20,neutral,Extrovert
user_30,7,272,0,5.78,11,informative,Introvert
user_31,5,112,1,3.57,11,emotional,Introvert
user_32,2,275,0,38.03,0,emotional,Extrovert
user_33,2,273,9,24.28,19,informative,Introvert
user_34,6,78,2,17.14,7,informative,Introvert
user_35,8,88,4,20.92,16,informative,Extrovert
user_36,1,105,0,46.45,20,informative,Extrovert
user_37,6,293,3,45.54,19,informative,Introvert
user_38,2,246,7,35.78,21,emotional,Extrovert
user_39,2,100,5,44.23,6,neutral,Introvert
user_40,7,133,0,15.98,8,informative,Introvert
user_41,1,203,0,19.06,16,informative,Introvert
user_42,6,299,2,30.69,9,informative,Introvert
user_43,7,73,9,31.18,3,emotional,Extrovert
user_44,8,216,7,24.08,21,emotional,Introvert
user_45,7,199,7,20.03,6,neutral,Introvert
user_46,6,241,2,49.31,6,neutral,Extrovert
user_47,9,293,6,41.06,7,neutral,Extrovert
user_48,3,263,2,21.75,23,neutral,Extrovert
user_49,6,173,3,36.36,23,emotional,Extrovert
user_50,4,292,8,13.48,7,neutral,Extrovert
user_51,2,154,3,5.01,15,informative,Extrovert
user_52,1,27,2,17.62,11,emotional,Introvert
user_53,1,147,4,20.15,14,emotional,Introvert
user_54,3,75,6,0.83,7,emotional,Introvert
user_55,4,145,4,40.74,21,informative,Extrovert
user_56,2,178,3,17.96,8,emotional,Extrovert
user_57,1,78,7,29.02,2,informative,Introvert
user_58,4,77,3,3.7,21,neutral,Introvert
user_59,7,159,1,8.75,20,emotional,Extrovert
user_60,6,195,9,44.48,15,informative,Extrovert
user_61,6,127,5,30.43,14,emotional,Introvert
user_62,9,230,1,47.51,23,neutral,Extrovert
user_63,2,93,2,49.94,3,emotional,Extrovert
user_64,4,186,0,18.59,19,neutral,Introvert
user_65,5,252,4,14.94,15,emotional,Introvert
user_66,1,201,8,42.92,9,informative,Extrovert
user_67,8,141,1,49.93,10,neutral,Extrovert
user_68,8,222,6,31.48,4,emotional,Extrovert
user_69,6,48,4,39.76,10,neutral,Introvert
user_70,5,221,1,39.09,12,neutral,Extrovert
user_71,8,112,7,17.77,14,informative,Extrovert
user_72,3,195,5,28.71,5,informative,Extrovert
user_73,3,230,3,41.65,15,informative,Extrovert
user_74,2,203,3,34.41,14,informative,Introvert
user_75,5,114,1,1.06,10,neutral,Introvert
user_76,3,292,2,16.84,19,neutral,Extrovert
user_77,3,156,6,7.22,1,emotional,Introvert
user_78,6,256,2,11.65,1,emotional,Extrovert
user_79,8,284,4,45.27,11,emotional,Introvert
user_80,2,154,9,1.84,15,informative,Extrovert
user_81,4,163,5,10.99,18,neutral,Extrovert
user_82,7,38,5,15.48,1,neutral,Extrovert
user_83,1,250,3,30.84,16,emotional,Introvert
user_84,1,153,5,26.71,13,emotional,Introvert
user_85,7,133,2,10.91,23,neutral,Introvert
user_86,7,158,6,8.21,15,informative,Extrovert
user_87,1,144,6,11.84,4,emotional,Extrovert
user_88,1,223,3,25.13,9,emotional,Extrovert
user_89,4,80,1,13.56,16,neutral,Extrovert
user_90,5,269,6,47.38,12,neutral,Extrovert
user_91,5,32,2,23.19,15,emotional,Introvert
user_92,4,274,0,2.94,8,emotional,Introvert
user_93,8,104,1,36.46,23,informative,Introvert
user_94,7,39,9,16.44,3,informative,Extrovert
user_95,9,69,8,32.67,23,informative,Introvert
user_96,7,183,7,13.98,15,informative,Extrovert
user_97,1,111,5,28.54,22,emotional,Introvert
user_98,7,107,5,38.61,10,emotional,Extrovert
user_99,1,88,0,46.4,6,emotional,Extrovert
user_100,7,56,1,13.06,16,informative,Introvert
user_101,8,272,3,16.74,21,emotional,Introvert
user_102,9,271,2,23.21,12,neutral,Extrovert
user_103,3,159,0,46.36,3,informative,Extrovert
user_104,4,187,7,45.07,13,neutral,Introvert
user_105,4,73,6,4.49,9,informative,Extrovert
user_106,9,197,3,6.6,9,emotional,Extrovert
user_107,7,125,8,24.78,9,informative,Extrovert
user_108,3,156,3,5.33,11,neutral,Extrovert
user_109,5,209,0,17.28,1,informative,Introvert
user_110,7,147,9,7.42,22,neutral,Introvert
user_111,8,66,0,31.8,8,emotional,Introvert
user_112,1,24,0,47.47,4,neutral,Extrovert
user_113,2,276,0,49.84,7,emotional,Extrovert
user_114,7,169,3,18.76,20,neutral,Extrovert
user_115,2,262,0,29.95,13,emotional,Introvert
user_116,7,294,1,42.81,6,neutral,Extrovert
user_117,9,227,3,5.87,6,emotional,Introvert
user_118,2,134,6,34.48,8,emotional,Introvert
user_119,7,214,1,20.44,2,emotional,Introvert
user_120,4,189,7,10.31,13,neutral,Extrovert
user_121,2,101,6,20.14,16,neutral,Extrovert
user_122,7,173,8,3.8,17,emotional,Extrovert
user_123,5,160,5,34.77,11,informative,Introvert
user_124,1,165,3,12.64,21,emotional,Extrovert
user_125,5,141,5,15.57,13,informative,Introvert
user_126,3,271,3,6.05,12,emotional,Introvert
user_127,7,108,6,43.23,13,neutral,Extrovert
user_128,6,77,8,24.67,8,informative,Introvert
user_129,8,82,2,28.61,18,neutral,Introvert
user_130,5,299,2,28.47,1,informative,Extrovert
user_131,2,91,1,20.52,10,informative,Introvert
user_132,9,28,0,9.63,16,informative,Extrovert
user_133,8,113,0,37.26,1,informative,Extrovert
user_134,6,171,2,6.35,18,neutral,Extrovert
user_135,7,59,6,5.19,6,informative,Introvert
user_136,9,81,8,35.51,17,emotional,Introvert
user_137,7,273,1,10.44,12,emotional,Introvert
user_138,3,88,6,15.34,4,informative,Introvert
user_139,6,264,0,23.76,17,neutral,Extrovert
user_140,7,189,1,22.47,22,neutral,Extrovert
user_141,2,197,5,35.43,23,informative,Introvert
user_142,3,208,4,31.17,23,neutral,Extrovert
user_143,4,279,7,32.22,15,neutral,Extrovert
user_144,6,91,1,35.7,14,neutral,Introvert
user_145,1,36,0,14.63,7,informative,Extrovert
user_146,9,76,6,16.12,14,emotional,Extrovert
user_147,5,237,5,21.9,0,emotional,Introvert
user_148,7,126,7,15.37,16,emotional,Extrovert
user_149,9,192,7,49.25,14,emotional,Introvert
user_150,9,238,1,40.7,13,emotional,Extrovert
user_151,1,266,7,8.23,13,neutral,Introvert
user_152,1,237,5,0.28,9,neutral,Introvert
user_153,3,50,8,2.14,1,neutral,Extrovert
user_154,6,66,6,12.2,5,informative,Extrovert
user_155,2,153,1,5.71,16,neutral,Extrovert
user_156,1,127,7,26.67,4,emotional,Introvert
user_157,1,91,8,42.9,4,neutral,Introvert
user_158,5,127,6,36.84,14,emotional,Introvert
user_159,4,291,3,10.78,14,neutral,Introvert
user_160,1,190,8,19.96,19,emotional,Introvert
user_161,4,135,3,25.39,10,neutral,Introvert
user_162,3,93,3,40.51,4,emotional,Introvert
user_163,2,275,8,41.96,0,emotional,Extrovert
user_164,9,100,7,45.49,10,informative,Extrovert
user_165,1,287,3,25.46,10,neutral,Extrovert
user_166,7,147,7,34.71,5,emotional,Extrovert
user_167,4,254,7,5.59,22,neutral,Introvert
user_168,5,60,6,28.26,7,emotional,Extrovert
user_169,5,200,9,12.43,1,informative,Extrovert
user_170,1,176,5,21.59,14,informative,Introvert
user_171,6,78,7,31.7,22,informative,Introvert
user_172,9,268,6,12.85,21,informative,Extrovert
user_173,2,211,4,2.61,8,emotional,Introvert
user_174,7,43,3,0.51,14,neutral,Extrovert
user_175,6,99,1,1.11,7,informative,Introvert
user_176,5,153,7,0.42,15,informative,Extrovert
user_177,4,232,8,5.52,13,informative,Introvert
user_178,4,185,3,11.97,14,neutral,Introvert
user_179,6,90,3,11.06,19,emotional,Extrovert
user_180,4,233,4,49.34,12,emotional,Introvert
user_181,5,84,1,15.3,8,emotional,Extrovert
user_182,6,240,6,6.37,0,emotional,Introvert
user_183,5,204,4,27.28,5,neutral,Introvert
user_184,7,226,5,42.9,7,neutral,Extrovert
user_185,9,118,3,33.9,19,neutral,Extrovert
user_186,7,261,7,14.8,17,informative,Introvert
user_187,7,177,7,28.08,17,neutral,Introvert
user_188,4,117,4,35.74,16,emotional,Extrovert
user_189,1,61,5,36.41,20,neutral,Extrovert
user_190,8,158,2,33.33,15,informative,Extrovert
user_191,4,246,0,43.54,12,emotional,Introvert
user_192,1,91,8,43.51,21,neutral,Introvert
user_193,5,262,8,28.95,3,emotional,Extrovert
user_194,8,37,2,21.49,3,emotional,Extrovert
user_195,4,96,3,32.08,20,neutral,Introvert
user_196,8,64,6,40.91,13,neutral,Introvert
user_197,8,159,1,0.28,4,informative,Extrovert
user_198,3,196,2,49.6,15,neutral,Introvert
user_199,9,241,5,9.14,13,neutral,Extrovert
user_200,3,111,7,23.51,13,neutral,Introvert
user_201,1,41,0,43.6,13,emotional,Extrovert
user_202,2,191,3,11.25,23,informative,Extrovert
user_203,6,111,0,23.84,13,emotional,Introvert
user_204,2,211,1,6.63,18,neutral,Extrovert
user_205,6,96,7,19.75,2,informative,Extrovert
user_206,1,198,5,8.86,16,neutral,Introvert
user_207,1,257,8,18.18,13,emotional,Extrovert
user_208,5,154,1,18.67,9,emotional,Extrovert
user_209,9,299,2,49.66,12,neutral,Extrovert
user_210,8,38,8,49.74,21,informative,Extrovert
user_211,3,102,8,5.74,3,emotional,Introvert
user_212,3,247,5,36.3,10,neutral,Extrovert
user_213,1,284,2,2.59,14,neutral,Introvert
user_214,3,131,4,1.51,14,neutral,Introvert
user_215,1,270,1,5.27,23,informative,Introvert
user_216,8,183,6,48.27,1,neutral,Introvert
user_217,1,187,9,47.04,10,neutral,Extrovert
user_218,5,240,7,9.7,1,emotional,Introvert
user_219,9,210,5,8.08,22,neutral,Introvert
user_220,7,189,7,12.03,4,informative,Extrovert
user_221,4,64,1,25.78,12,neutral,Extrovert
user_222,9,33,2,28.49,0,informative,Introvert
user_223,9,250,6,11.08,6,neutral,Introvert
user_224,2,176,9,37.83,6,neutral,Introvert
user_225,6,153,0,15.48,9,neutral,Extrovert
user_226,4,56,6,46.11,5,informative,Introvert
user_227,8,72,5,32.84,19,emotional,Introvert
user_228,7,37,7,21.82,11,informative,Extrovert
user_229,7,57,6,39.5,12,emotional,Introvert
user_230,9,206,3,40.9,23,informative,Extrovert
user_231,5,215,2,14.52,10,neutral,Introvert
user_232,6,262,2,16.99,17,neutral,Introvert
user_233,1,54,3,46.8,1,emotional,Extrovert
user_234,6,234,8,8.24,15,emotional,Introvert
user_235,2,238,8,2.11,1,informative,Introvert
user_236,6,109,1,22.7,18,informative,Introvert
user_237,9,271,4,40.06,5,emotional,Introvert
user_238,8,27,0,38.58,0,emotional,Extrovert
user_239,9,275,3,45.98,10,informative,Introvert
user_240,8,227,1,26.66,17,emotional,Introvert
user_241,3,150,7,5.0,9,emotional,Introvert
user_242,8,243,3,29.43,17,emotional,Introvert
user_243,6,216,4,38.92,0,emotional,Extrovert
user_244,6,161,3,4.67,18,neutral,Extrovert
user_245,6,271,4,8.63,15,neutral,Extrovert
user_246,3,115,4,0.61,6,emotional,Extrovert
user_247,1,45,4,29.68,14,informative,Extrovert
user_248,4,130,2,44.34,0,neutral,Extrovert
user_249,6,142,6,33.53,22,informative,Extrovert
user_250,2,205,2,49.1,20,informative,Extrovert
user_251,7,187,1,3.15,8,neutral,Extrovert
user_252,7,70,2,45.15,1,informative,Introvert
user_253,4,24,2,40.7,16,informative,Introvert
user_254,4,96,7,15.71,23,emotional,Introvert
user_255,1,179,3,48.68,9,emotional,Introvert
user_256,2,227,2,14.4,5,emotional,Introvert
user_257,9,276,9,44.47,4,neutral,Extrovert
user_258,8,224,4,44.04,7,emotional,Extrovert
user_259,8,274,3,37.88,7,informative,Extrovert
user_260,9,30,8,28.17,4,informative,Extrovert
user_261,7,27,7,6.0,11,informative,Extrovert
user_262,9,51,6,26.6,6,informative,Extrovert
user_263,2,47,7,17.84,12,informative,Extrovert
user_264,6,225,4,39.61,12,neutral,Extrovert
user_265,3,247,3,37.91,16,informative,Introvert
user_266,6,147,6,45.53,3,neutral,Extrovert
user_267,3,274,0,0.74,17,informative,Extrovert
user_268,8,231,5,40.46,9,neutral,Extrovert
user_269,4,258,7,46.92,2,neutral,Extrovert
user_270,6,226,6,39.47,11,informative,Introvert
user_271,9,264,1,6.51,0,informative,Extrovert
user_272,2,64,6,4.06,10,informative,Introvert
user_273,2,124,5,1.04,17,informative,Introvert
user_274,7,253,4,31.44,12,emotional,Extrovert
user_275,2,208,3,31.48,16,emotional,Extrovert
user_276,2,63,0,49.35,7,neutral,Introvert
user_277,4,244,1,19.9,19,neutral,Extrovert
user_278,9,161,6,16.6,18,emotional,Introvert
user_279,8,155,9,31.22,16,neutral,Extrovert
user_280,2,195,2,41.28,1,informative,Extrovert
user_281,8,161,4,46.84,2,neutral,Introvert
user_282,4,99,7,40.16,2,neutral,Introvert
user_283,2,101,7,21.33,5,neutral,Extrovert
user_284,7,154,5,31.75,9,emotional,Introvert
user_285,6,226,4,42.81,23,emotional,Extrovert
user_286,5,196,1,24.53,21,neutral,Extrovert
user_287,1,262,8,10.83,17,informative,Introvert
user_288,2,74,0,8.49,17,neutral,Introvert
user_289,8,160,1,0.01,13,emotional,Introvert
user_290,1,75,0,35.91,15,informative,Extrovert
user_291,3,34,3,5.55,6,neutral,Extrovert
user_292,2,204,3,12.19,0,emotional,Introvert
user_293,5,107,4,14.89,16,informative,Extrovert
user_294,4,116,4,28.02,22,neutral,Introvert
user_295,7,163,7,19.9,4,emotional,Introvert
user_296,5,27,2,33.73,0,informative,Extrovert
user_297,8,234,5,2.78,20,neutral,Introvert
user_298,4,192,2,6.2,16,informative,Extrovert
user_299,6,242,1,24.96,9,informative,Extrovert
user_300,4,59,7,16.85,11,informative,Extrovert
user_301,2,201,0,14.79,19,emotional,Extrovert
user_302,1,289,8,3.35,1,neutral,Extrovert
user_303,1,206,6,44.79,22,informative,Introvert
user_304,8,264,9,34.59,15,informative,Extrovert
user_305,4,250,3,6.08,14,informative,Introvert
user_306,5,174,2,3.25,12,emotional,Introvert
user_307,8,194,5,48.74,17,informative,Introvert
user_308,7,134,8,34.06,19,emotional,Extrovert
user_309,8,37,8,20.87,21,emotional,Extrovert
user_310,8,291,3,35.09,13,informative,Extrovert
user_311,6,31,9,37.82,17,informative,Extrovert
user_312,2,211,4,39.0,1,emotional,Extrovert
user_313,6,251,8,23.89,1,emotional,Extrovert
user_314,1,112,1,21.49,2,informative,Extrovert
user_315,1,237,1,0.55,4,emotional,Extrovert
user_316,3,297,4,46.33,15,emotional,Introvert
user_317,3,48,0,30.17,21,informative,Introvert
user_318,5,96,7,10.16,14,informative,Extrovert
user_319,1,28,4,45.98,11,neutral,Extrovert
user_320,6,43,9,45.75,8,informative,Introvert
user_321,7,34,1,49.46,13,informative,Extrovert
user_322,3,183,8,43.7,20,informative,Introvert
user_323,4,32,1,49.89,15,neutral,Introvert
user_324,3,191,6,12.23,10,emotional,Extrovert
user_325,1,219,7,42.11,5,informative,Introvert
user_326,8,95,5,41.15,9,informative,Introvert
user_327,2,183,6,11.55,7,neutral,Introvert
user_328,1,80,0,4.92,15,neutral,Introvert
user_329,8,264,3,48.97,2,neutral,Extrovert
user_330,7,174,6,14.8,1,emotional,Extrovert
user_331,7,276,0,43.54,15,neutral,Extrovert
user_332,4,263,0,0.21,18,emotional,Introvert
user_333,9,181,5,1.05,8,informative,Introvert
user_334,6,87,3,23.29,15,informative,Introvert
user_335,2,296,2,11.94,21,informative,Introvert
user_336,1,180,4,34.49,3,neutral,Extrovert
user_337,1,278,8,28.28,9,informative,Extrovert
user_338,9,114,9,3.87,18,neutral,Introvert
user_339,4,265,9,8.13,12,emotional,Extrovert
user_340,5,240,9,19.4,17,informative,Introvert
user_341,3,142,2,9.28,14,emotional,Extrovert
user_342,4,206,4,39.61,3,neutral,Extrovert
user_343,8,281,9,20.8,8,neutral,Introvert
user_344,4,292,4,4.67,3,informative,Extrovert
user_345,9,79,8,24.22,15,informative,Introvert
user_346,9,144,9,4.54,20,neutral,Extrovert
user_347,6,70,3,6.45,14,informative,Introvert
user_348,2,197,0,11.98,23,informative,Introvert
user_349,7,158,9,42.98,1,emotional,Extrovert
user_350,9,189,4,46.23,13,neutral,Introvert
user_351,6,58,0,41.31,2,emotional,Introvert
user_352,3,88,5,16.7,21,informative,Introvert
user_353,7,255,9,13.62,22,emotional,Extrovert
user_354,5,67,9,27.46,3,neutral,Extrovert
user_355,1,76,6,36.09,0,emotional,Extrovert
user_356,3,296,0,49.67,22,emotional,Extrovert
user_357,5,118,9,6.58,8,informative,Extrovert
user_358,7,34,3,2.46,16,neutral,Extrovert
user_359,3,198,8,34.72,13,informative,Extrovert
user_360,6,81,0,41.61,16,informative,Extrovert
user_361,5,138,8,42.32,0,neutral,Extrovert
user_362,1,56,7,33.92,9,emotional,Introvert
user_363,6,153,4,47.7,22,informative,Introvert
user_364,8,45,5,25.55,15,emotional,Extrovert
user_365,1,27,6,45.69,18,neutral,Extrovert
user_366,2,23,3,48.39,23,informative,Introvert
user_367,4,40,5,42.36,2,emotional,Extrovert
user_368,2,168,6,15.49,11,emotional,Introvert
user_369,9,44,5,9.81,2,informative,Introvert
user_370,8,162,5,27.41,14,neutral,Extrovert
user_371,8,264,1,22.65,16,emotional,Introvert
user_372,4,62,4,43.89,17,neutral,Extrovert
user_373,5,204,2,5.0,6,informative,Introvert
user_374,4,61,6,12.89,18,emotional,Extrovert
user_375,9,111,3,37.59,6,emotional,Extrovert
user_376,2,72,0,4.75,4,emotional,Introvert
user_377,8,103,5,16.04,7,neutral,Introvert
user_378,2,53,5,19.36,20,emotional,Introvert
user_379,1,95,6,31.13,15,emotional,Extrovert
user_380,3,216,7,7.91,15,informative,Extrovert
user_381,9,107,2,43.03,18,emotional,Extrovert
user_382,3,254,5,22.38,14,neutral,Introvert
user_383,9,251,9,45.85,6,informative,Extrovert
user_384,7,26,1,23.39,4,informative,Extrovert
user_385,1,57,8,13.75,22,emotional,Introvert
user_386,5,71,1,7.09,10,informative,Extrovert
user_387,9,162,2,0.19,9,emotional,Introvert
user_388,3,240,9,26.61,20,informative,Introvert
user_389,9,259,1,5.36,22,neutral,Introvert
user_390,5,162,8,19.59,8,emotional,Introvert
user_391,9,68,0,29.46,0,neutral,Extrovert
user_392,6,296,4,13.78,19,emotional,Extrovert
user_393,9,290,0,8.76,0,neutral,Extrovert
user_394,7,33,4,38.74,7,neutral,Extrovert
user_395,7,34,7,47.34,2,informative,Extrovert
user_396,8,253,7,5.02,1,emotional,Extrovert
user_397,7,82,7,7.78,3,informative,Introvert
user_398,9,215,1,48.0,18,neutral,Extrovert
user_399,9,46,7,1.89,10,emotional,Introvert
user_400,6,112,4,48.88,4,neutral,Introvert
user_401,7,124,0,0.23,23,neutral,Introvert
user_402,2,71,6,43.68,9,neutral,Introvert
user_403,9,200,5,15.37,23,neutral,Introvert
user_404,1,76,4,46.93,22,informative,Extrovert
user_405,1,139,0,15.85,7,neutral,Extrovert
user_406,3,62,0,32.72,12,informative,Extrovert
user_407,6,154,5,4.0,4,neutral,Extrovert
user_408,5,279,9,12.12,11,emotional,Extrovert
user_409,2,216,6,38.68,12,neutral,Extrovert
user_410,9,152,9,26.43,21,neutral,Extrovert
user_411,4,274,9,46.4,7,emotional,Introvert
user_412,4,239,0,21.44,14,emotional,Extrovert
user_413,5,60,8,43.49,12,neutral,Introvert
user_414,8,274,3,22.45,0,neutral,Introvert
user_415,4,21,4,48.96,21,informative,Extrovert
user_416,5,214,1,47.99,5,emotional,Introvert
user_417,4,261,9,16.46,10,emotional,Extrovert
user_418,6,168,7,44.3,12,informative,Introvert
user_419,3,217,1,42.38,20,neutral,Introvert
user_420,8,264,2,10.53,19,neutral,Extrovert
user_421,6,127,8,31.21,0,emotional,Extrovert
user_422,5,231,1,3.63,10,informative,Extrovert
user_423,2,175,5,41.84,10,neutral,Introvert
user_424,7,45,3,8.73,7,emotional,Introvert
user_425,2,101,6,3.54,21,neutral,Introvert
user_426,1,102,5,20.01,2,neutral,Introvert
user_427,7,150,9,28.85,18,neutral,Introvert
user_428,5,119,8,42.75,11,emotional,Introvert
user_429,1,275,8,48.71,5,informative,Extrovert
user_430,4,68,9,21.97,22,informative,Extrovert
user_431,4,82,3,3.02,7,neutral,Extrovert
user_432,7,124,0,37.46,4,informative,Extrovert
user_433,9,124,1,28.26,9,neutral,Extrovert
user_434,2,34,7,22.39,21,emotional,Extrovert
user_435,1,194,9,15.46,15,emotional,Introvert
user_436,2,278,7,25.12,11,emotional,Extrovert
user_437,7,230,1,16.93,16,neutral,Introvert
user_438,6,278,3,37.85,5,informative,Extrovert
user_439,4,121,0,27.19,8,emotional,Extrovert
user_440,1,279,6,43.84,9,neutral,Extrovert
user_441,1,178,3,27.18,19,informative,Extrovert
user_442,5,64,7,11.91,13,informative,Extrovert
user_443,1,270,8,42.55,13,informative,Introvert
user_444,7,184,8,27.86,16,neutral,Introvert
user_445,1,212,2,10.34,15,neutral,Introvert
user_446,1,28,4,31.18,3,neutral,Extrovert
user_447,2,84,5,17.89,1,emotional,Extrovert
user_448,3,200,5,42.22,15,neutral,Extrovert
user_449,1,298,9,22.66,0,emotional,Extrovert
user_450,9,49,7,36.32,2,emotional,Extrovert
user_451,8,285,5,4.78,22,emotional,Extrovert
user_452,5,236,5,19.8,10,neutral,Introvert
user_453,2,124,3,49.16,15,emotional,Introvert
user_454,5,203,6,40.42,17,neutral,Introvert
user_455,6,167,7,8.0,14,neutral,Extrovert
user_456,1,124,2,13.89,8,emotional,Introvert
user_457,4,66,6,16.49,11,emotional,Extrovert
user_458,9,106,2,32.52,17,emotional,Introvert
user_459,2,148,7,37.85,4,neutral,Extrovert
user_460,5,277,0,37.48,23,neutral,Introvert
user_461,1,166,0,25.49,7,emotional,Extrovert
user_462,4,91,5,40.54,2,emotional,Extrovert
user_463,4,159,9,21.85,1,informative,Extrovert
user_464,6,46,8,6.19,18,emotional,Extrovert
user_465,9,48,3,28.22,7,informative,Introvert
user_466,3,290,5,47.62,1,informative,Introvert
user_467,9,193,4,39.65,18,neutral,Extrovert
user_468,6,272,0,28.94,0,neutral,Extrovert
user_469,7,79,5,32.34,21,informative,Extrovert
user_470,2,126,8,46.53,12,informative,Introvert
user_471,6,239,2,21.42,22,emotional,Extrovert
user_472,6,278,2,16.57,19,informative,Introvert
user_473,2,165,1,48.86,16,emotional,Introvert
user_474,2,71,3,43.17,2,neutral,Introvert
user_475,2,79,9,16.15,8,emotional,Extrovert
user_476,1,53,2,23.19,4,neutral,Introvert
user_477,5,115,1,20.75,5,informative,Introvert
user_478,8,108,0,7.45,3,informative,Extrovert
user_479,2,250,2,47.89,16,informative,Introvert
user_480,5,294,9,20.22,20,emotional,Introvert
user_481,8,265,5,43.77,20,neutral,Extrovert
user_482,5,130,8,9.47,20,neutral,Extrovert
user_483,2,253,4,27.39,15,neutral,Extrovert
user_484,3,297,2,1.2,15,neutral,Introvert
user_485,6,185,4,38.21,21,neutral,Introvert
user_486,5,147,4,29.05,10,emotional,Extrovert
user_487,4,256,4,31.28,1,neutral,Introvert
user_488,4,126,6,2.59,16,informative,Extrovert
user_489,5,147,4,10.55,14,neutral,Extrovert
user_490,2,214,6,3.72,17,informative,Extrovert
user_491,9,162,8,14.45,9,emotional,Introvert
user_492,2,130,4,31.37,5,emotional,Introvert
user_493,2,109,1,28.31,20,informative,Introvert
user_494,9,270,4,30.61,15,neutral,Extrovert
user_495,3,299,7,27.46,4,emotional,Extrovert
user_496,7,243,3,13.65,11,emotional,Extrovert
user_497,4,120,1,12.23,5,emotional,Introvert
user_498,6,151,9,6.85,13,neutral,Extrovert
user_499,4,32,2,42.45,22,informative,Extrovert
user_500,7,117,8,30.82,15,informative,Extrovert
user_501,1,139,8,9.33,6,neutral,Introvert
user_502,3,218,7,8.86,1,emotional,Extrovert
user_503,3,20,7,43.65,5,neutral,Extrovert
user_504,1,79,7,37.14,8,neutral,Extrovert
user_505,6,269,7,32.97,6,informative,Introvert
user_506,9,159,7,20.34,1,neutral,Extrovert
user_507,8,168,0,13.1,18,neutral,Extrovert
user_508,7,63,5,48.97,7,emotional,Extrovert
user_509,8,205,8,39.86,10,emotional,Extrovert
user_510,6,127,7,15.09,3,informative,Extrovert
user_511,9,63,2,42.38,15,emotional,Extrovert
user_512,3,97,0,37.95,17,neutral,Introvert
user_513,9,245,1,14.85,12,neutral,Introvert
user_514,4,181,1,21.33,4,neutral,Extrovert
user_515,7,272,6,9.3,1,informative,Introvert
user_516,9,151,5,5.55,10,emotional,Introvert
user_517,2,163,1,36.14,0,neutral,Extrovert
user_518,2,285,7,13.38,12,emotional,Introvert
user_519,9,128,8,41.0,4,emotional,Introvert
user_520,3,213,6,49.78,17,emotional,Extrovert
user_521,9,54,3,3.83,13,emotional,Introvert
user_522,5,294,0,23.65,12,informative,Introvert
user_523,6,206,3,40.1,6,informative,Extrovert
user_524,2,262,3,39.45,7,informative,Introvert
user_525,8,283,7,38.0,17,neutral,Extrovert
user_526,9,29,3,17.45,6,neutral,Extrovert
user_527,2,185,3,22.69,19,neutral,Extrovert
user_528,6,48,1,29.75,16,informative,Introvert
user_529,6,290,9,48.7,15,emotional,Introvert
user_530,8,106,6,16.38,10,informative,Introvert
user_531,5,42,3,46.16,18,neutral,Introvert
user_532,9,229,5,13.47,0,neutral,Introvert
user_533,1,65,2,49.45,20,emotional,Extrovert
user_534,9,47,6,33.51,7,informative,Extrovert
user_535,7,45,5,23.18,0,emotional,Extrovert
user_536,4,285,2,30.67,8,informative,Extrovert
user_537,3,194,3,13.63,18,neutral,Extrovert
user_538,6,23,9,13.71,20,emotional,Introvert
user_539,1,86,4,5.68,8,emotional,Extrovert
user_540,3,154,8,5.7,20,informative,Introvert
user_541,2,74,5,17.38,9,informative,Introvert
user_542,9,50,3,38.14,23,informative,Extrovert
user_543,3,93,6,30.4,22,neutral,Extrovert
user_544,2,38,1,5.13,10,informative,Extrovert
user_545,4,175,3,42.61,0,neutral,Introvert
user_546,2,175,4,30.07,19,informative,Extrovert
user_547,1,166,3,48.04,7,informative,Extrovert
user_548,6,106,3,33.51,19,neutral,Extrovert
user_549,8,39,8,8.76,11,informative,Extrovert
user_550,2,288,1,23.69,0,neutral,Extrovert
user_551,9,62,5,32.42,9,neutral,Introvert
user_552,3,47,7,1.41,3,informative,Extrovert
user_553,8,279,7,0.75,14,informative,Introvert
user_554,8,41,6,6.47,18,emotional,Introvert
user_555,3,120,9,12.58,5,informative,Introvert
user_556,3,58,3,21.48,4,emotional,Extrovert
user_557,6,189,6,24.37,4,informative,Extrovert
user_558,1,149,9,6.9,17,neutral,Extrovert
user_559,4,175,5,33.67,2,neutral,Introvert
user_560,1,93,5,29.81,21,emotional,Extrovert
user_561,3,109,1,14.72,1,informative,Introvert
user_562,9,86,7,0.68,3,emotional,Introvert
user_563,5,255,7,3.88,17,informative,Introvert
user_564,5,219,6,19.58,8,informative,Introvert
user_565,4,246,8,7.7,18,neutral,Introvert
user_566,3,252,7,18.84,9,emotional,Introvert
user_567,5,285,8,31.41,21,neutral,Introvert
user_568,4,105,8,27.36,14,neutral,Extrovert
user_569,8,121,5,11.56,0,neutral,Introvert
user_570,4,233,1,17.19,10,emotional,Extrovert
user_571,8,127,6,30.7,13,informative,Extrovert
user_572,6,184,2,43.04,9,informative,Extrovert
user_573,5,110,6,37.66,18,emotional,Extrovert
user_574,4,211,8,27.67,23,informative,Introvert
user_575,4,105,9,18.11,20,emotional,Extrovert
user_576,4,241,9,18.25,15,emotional,Introvert
user_577,9,120,1,43.97,7,informative,Introvert
user_578,4,245,5,1.96,1,neutral,Extrovert
user_579,9,79,5,49.4,22,emotional,Introvert
user_580,6,269,8,33.22,6,emotional,Extrovert
user_581,7,67,8,34.06,18,emotional,Extrovert
user_582,3,136,4,1.9,6,emotional,Introvert
user_583,8,246,4,30.28,14,informative,Extrovert
user_584,3,52,8,24.24,7,informative,Extrovert
user_585,1,63,7,5.29,13,emotional,Extrovert
user_586,5,184,6,13.9,0,neutral,Extrovert
user_587,2,244,7,44.52,12,informative,Extrovert
user_588,6,223,5,27.5,2,neutral,Extrovert
user_589,9,191,2,20.67,20,neutral,Introvert
user_590,1,31,6,3.63,5,emotional,Introvert
user_591,4,140,7,35.71,18,informative,Extrovert
user_592,1,263,7,35.14,14,emotional,Introvert
user_593,1,171,0,30.7,3,emotional,Extrovert
user_594,8,171,6,25.51,20,neutral,Introvert
user_595,2,207,2,21.69,2,neutral,Extrovert
user_596,1,32,1,29.66,3,neutral,Extrovert
user_597,8,110,1,11.67,4,emotional,Extrovert
user_598,4,219,7,47.06,17,emotional,Introvert
user_599,3,93,8,29.44,9,emotional,Introvert
user_600,4,275,2,15.56,7,emotional,Introvert
user_601,5,295,2,22.48,11,emotional,Extrovert
user_602,1,90,5,40.28,21,emotional,Introvert
user_603,1,97,9,8.08,2,emotional,Introvert
user_604,3,149,0,14.64,17,emotional,Introvert
user_605,6,62,5,33.98,22,informative,Introvert
user_606,1,27,2,15.77,7,informative,Introvert
user_607,2,32,3,39.63,0,informative,Introvert
user_608,7,232,8,6.52,13,informative,Extrovert
user_609,1,130,2,38.13,21,emotional,Extrovert
user_610,7,42,0,3.42,22,emotional,Extrovert
user_611,4,273,2,0.63,12,neutral,Extrovert
user_612,6,34,6,44.91,11,neutral,Introvert
user_613,8,149,6,29.07,2,informative,Extrovert
user_614,9,80,4,17.59,17,neutral,Introvert
user_615,6,134,0,11.63,20,informative,Extrovert
user_616,9,86,7,30.84,12,emotional,Introvert
user_617,4,268,9,25.45,14,emotional,Extrovert
user_618,6,194,7,49.58,9,neutral,Introvert
user_619,8,21,9,49.16,0,emotional,Extrovert
user_620,9,191,9,31.75,5,emotional,Introvert
user_621,3,73,9,22.14,8,informative,Introvert
user_622,2,86,1,24.56,9,neutral,Introvert
user_623,6,121,9,34.12,14,emotional,Extrovert
user_624,4,139,2,5.08,8,neutral,Extrovert
user_625,1,210,3,16.42,22,emotional,Extrovert
user_626,8,66,0,3.76,13,informative,Extrovert
user_627,9,241,3,3.67,10,emotional,Extrovert
user_628,9,40,4,9.79,6,neutral,Extrovert
user_629,2,177,2,24.26,23,neutral,Extrovert
user_630,9,178,9,39.24,1,informative,Introvert
user_631,7,254,1,24.27,13,emotional,Extrovert
user_632,5,169,5,16.77,5,informative,Extrovert
user_633,7,276,7,4.12,4,neutral,Extrovert
user_634,9,184,6,27.51,4,informative,Extrovert
user_635,8,96,0,13.56,18,emotional,Introvert
user_636,6,104,3,30.75,18,emotional,Introvert
user_637,4,65,2,48.86,5,informative,Extrovert
user_638,1,66,5,5.57,9,neutral,Introvert
user_639,6,232,8,10.61,22,neutral,Introvert
user_640,3,78,8,23.65,13,informative,Introvert
user_641,6,73,6,48.43,16,emotional,Extrovert
user_642,6,31,8,38.59,2,emotional,Extrovert
user_643,4,211,7,44.91,0,emotional,Introvert
user_644,2,25,4,16.69,9,emotional,Introvert
user_645,9,163,8,49.6,2,neutral,Introvert
user_646,2,280,6,5.14,4,emotional,Extrovert
user_647,3,92,4,2.65,18,informative,Introvert
user_648,1,193,7,42.78,9,informative,Extrovert
user_649,7,251,6,46.36,15,informative,Introvert
user_650,1,289,8,4.53,0,informative,Introvert
user_651,9,241,9,5.67,5,emotional,Introvert
user_652,1,71,0,1.66,8,neutral,Extrovert
user_653,5,135,8,5.23,4,emotional,Extrovert
user_654,7,45,6,10.47,13,neutral,Extrovert
user_655,3,72,0,48.5,9,emotional,Introvert
user_656,9,48,0,33.39,1,neutral,Extrovert
user_657,8,38,4,38.93,4,informative,Introvert
user_658,3,298,7,38.81,0,informative,Introvert
user_659,5,136,8,26.75,9,neutral,Extrovert
user_660,7,125,5,39.87,21,neutral,Extrovert
user_661,4,246,9,29.79,8,neutral,Extrovert
user_662,5,205,7,15.73,2,informative,Extrovert
user_663,3,280,5,28.06,14,informative,Introvert
user_664,9,35,5,26.68,3,emotional,Extrovert
user_665,9,292,3,41.17,12,neutral,Extrovert
user_666,7,179,4,49.09,5,neutral,Introvert
user_667,2,269,1,20.55,19,neutral,Extrovert
user_668,7,243,2,38.17,16,informative,Introvert
user_669,7,275,2,4.99,22,neutral,Extrovert
user_670,5,199,4,38.84,4,neutral,Extrovert
user_671,9,39,4,18.57,14,informative,Introvert
user_672,3,131,5,1.97,7,neutral,Extrovert
user_673,4,139,4,18.16,4,emotional,Extrovert
user_674,1,213,5,30.53,23,informative,Extrovert
user_675,6,130,7,5.96,12,informative,Introvert
user_676,4,229,1,46.2,0,informative,Extrovert
user_677,1,20,3,3.88,0,emotional,Introvert
user_678,2,77,5,46.5,6,informative,Extrovert
user_679,3,112,4,35.36,21,informative,Extrovert
user_680,9,240,0,16.49,4,informative,Extrovert
user_681,8,230,8,19.54,13,informative,Extrovert
user_682,7,251,2,37.04,14,emotional,Introvert
user_683,4,281,1,30.07,20,neutral,Extrovert
user_684,1,122,8,33.58,16,neutral,Introvert
user_685,8,69,6,19.46,23,informative,Introvert
user_686,4,129,4,24.39,17,emotional,Extrovert
user_687,3,107,5,49.49,6,informative,Extrovert
user_688,9,39,3,10.7,21,neutral,Introvert
user_689,4,33,0,20.89,17,neutral,Extrovert
user_690,4,152,3,14.59,18,emotional,Extrovert
user_691,9,53,8,38.26,19,neutral,Extrovert
user_692,2,227,0,38.2,6,informative,Introvert
user_693,5,218,9,14.62,7,emotional,Introvert
user_694,4,99,2,4.07,12,neutral,Extrovert
user_695,9,90,4,0.57,17,informative,Introvert
user_696,5,174,6,21.37,23,emotional,Introvert
user_697,9,97,8,20.52,10,informative,Extrovert
user_698,9,97,5,49.42,8,neutral,Extrovert
user_699,2,191,2,23.49,22,informative,Extrovert
user_700,9,52,6,12.82,0,emotional,Extrovert
user_701,3,295,3,44.56,21,informative,Introvert
user_702,4,26,2,24.55,7,neutral,Introvert
user_703,1,179,6,29.96,20,emotional,Extrovert
user_704,1,259,6,4.78,11,emotional,Extrovert
user_705,1,43,3,19.15,1,neutral,Introvert
user_706,9,233,6,47.21,14,informative,Introvert
user_707,8,89,1,29.48,20,informative,Extrovert
user_708,5,235,0,17.23,23,neutral,Extrovert
user_709,5,123,1,31.28,17,emotional,Introvert
user_710,9,234,3,45.52,16,neutral,Extrovert
user_711,3,73,7,13.7,14,emotional,Introvert
user_712,3,222,2,25.26,19,emotional,Extrovert
user_713,7,64,9,47.93,19,informative,Extrovert
user_714,9,217,5,8.62,8,neutral,Introvert
user_715,6,235,5,35.98,2,emotional,Introvert
user_716,2,203,8,30.72,19,informative,Introvert
user_717,1,46,8,33.98,18,neutral,Introvert
user_718,2,185,3,17.56,17,neutral,Introvert
user_719,1,293,8,15.69,19,emotional,Extrovert
user_720,9,122,5,34.21,7,emotional,Introvert
user_721,8,123,1,10.78,0,emotional,Introvert
user_722,7,264,9,20.98,23,neutral,Introvert
user_723,3,188,5,9.41,23,emotional,Extrovert
user_724,8,135,1,0.42,14,neutral,Extrovert
user_725,2,160,7,48.5,18,informative,Introvert
user_726,2,144,3,21.59,9,neutral,Extrovert
user_727,3,44,4,48.47,11,emotional,Introvert
user_728,7,213,7,7.02,5,neutral,Extrovert
user_729,1,119,7,29.37,12,emotional,Introvert
user_730,8,24,5,10.05,3,informative,Introvert
user_731,7,38,3,39.5,12,emotional,Extrovert
user_732,4,189,0,39.19,16,emotional,Extrovert
user_733,5,293,6,5.63,0,emotional,Extrovert
user_734,1,273,7,45.6,4,emotional,Introvert
user_735,4,140,8,9.73,23,emotional,Extrovert
user_736,1,51,1,30.65,16,emotional,Introvert
user_737,1,168,0,49.28,17,informative,Extrovert
user_738,1,285,3,44.12,6,informative,Extrovert
user_739,7,56,4,47.83,15,neutral,Introvert
user_740,7,196,9,17.13,7,emotional,Introvert
user_741,4,32,0,5.28,11,neutral,Introvert
user_742,2,202,4,9.42,13,informative,Introvert
user_743,3,164,5,25.02,18,informative,Introvert
user_744,8,284,2,39.66,10,emotional,Extrovert
user_745,8,107,6,7.51,11,emotional,Extrovert
user_746,6,65,5,32.99,12,neutral,Introvert
user_747,9,138,3,16.18,7,informative,Extrovert
user_748,9,38,2,17.06,0,neutral,Extrovert
user_749,4,239,4,33.1,8,neutral,Introvert
user_750,1,252,2,23.35,1,neutral,Introvert
user_751,1,113,9,40.6,13,emotional,Introvert
user_752,5,270,8,7.8,12,informative,Introvert
user_753,2,269,8,39.5,15,neutral,Extrovert
user_754,6,251,5,3.21,1,informative,Extrovert
user_755,7,65,5,9.7,3,informative,Extrovert
user_756,1,65,3,32.81,11,neutral,Introvert
user_757,6,33,3,42.75,15,neutral,Extrovert
user_758,8,104,1,12.63,9,emotional,Extrovert
user_759,5,22,9,16.36,2,informative,Introvert
user_760,7,47,3,26.86,3,neutral,Introvert
user_761,6,176,7,10.58,5,neutral,Extrovert
user_762,4,194,9,40.56,22,informative,Introvert
user_763,7,133,1,38.68,4,neutral,Introvert
user_764,9,269,8,7.26,17,informative,Introvert
user_765,7,78,0,23.19,2,neutral,Extrovert
user_766,5,222,1,38.74,9,informative,Introvert
user_767,7,258,1,16.87,10,neutral,Introvert
user_768,3,253,5,31.66,18,neutral,Extrovert
user_769,2,114,6,2.51,13,emotional,Extrovert
user_770,5,160,2,30.43,20,informative,Extrovert
user_771,4,132,8,7.63,10,emotional,Introvert
user_772,5,128,4,41.53,20,neutral,Introvert
user_773,8,116,4,17.77,3,informative,Introvert
user_774,4,35,3,14.08,23,informative,Extrovert
user_775,9,63,8,42.04,21,neutral,Introvert
user_776,7,249,7,2.51,5,neutral,Extrovert
user_777,7,127,3,19.83,16,neutral,Extrovert
user_778,8,236,3,18.5,21,neutral,Introvert
user_779,6,279,1,14.24,18,informative,Extrovert
user_780,8,215,8,45.59,12,emotional,Extrovert
user_781,3,114,2,37.55,21,informative,Introvert
user_782,1,75,3,3.2,9,informative,Extrovert
user_783,6,51,6,35.73,10,informative,Extrovert
user_784,1,250,9,26.36,5,informative,Extrovert
user_785,9,28,7,45.04,1,neutral,Introvert
user_786,2,210,7,15.65,0,emotional,Extrovert
user_787,2,219,3,28.71,10,informative,Introvert
user_788,7,180,6,25.04,15,informative,Introvert
user_789,2,106,9,24.48,2,emotional,Extrovert
user_790,8,40,0,22.81,4,neutral,Introvert
user_791,6,95,5,10.28,14,informative,Extrovert
user_792,7,160,5,37.79,14,neutral,Introvert
user_793,7,145,5,22.57,3,informative,Extrovert
user_794,6,270,1,47.93,22,informative,Introvert
user_795,9,103,7,13.04,3,emotional,Introvert
user_796,9,67,4,34.14,7,emotional,Introvert
user_797,7,97,4,47.04,6,neutral,Introvert
user_798,9,49,1,33.17,16,informative,Extrovert
user_799,3,155,3,43.56,14,neutral,Introvert
user_800,3,159,8,41.37,4,emotional,Introvert
user_801,1,60,8,18.01,12,emotional,Introvert
user_802,5,69,5,30.01,3,emotional,Extrovert
user_803,4,277,8,7.81,21,emotional,Extrovert
user_804,2,289,3,26.78,16,emotional,Introvert
user_805,9,153,0,11.52,21,neutral,Extrovert
user_806,3,253,1,37.19,16,neutral,Extrovert
user_807,8,147,0,26.4,13,emotional,Introvert
user_808,6,123,7,20.56,13,informative,Introvert
user_809,5,273,8,13.44,16,informative,Introvert
user_810,1,114,9,49.93,7,informative,Introvert
user_811,4,236,5,3.59,1,informative,Introvert
user_812,3,80,1,2.18,12,informative,Extrovert
user_813,1,287,5,10.86,21,emotional,Extrovert
user_814,5,260,8,48.55,15,neutral,Extrovert
user_815,6,32,2,48.96,15,emotional,Extrovert
user_816,2,166,8,32.75,5,informative,Extrovert
user_817,3,259,1,44.01,21,informative,Introvert
user_818,6,108,4,10.7,23,neutral,Introvert
user_819,4,114,1,48.6,3,emotional,Extrovert
user_820,9,44,6,7.14,2,neutral,Extrovert
user_821,5,291,9,5.06,5,informative,Introvert
user_822,4,185,8,5.61,3,informative,Extrovert
user_823,2,269,6,28.66,17,neutral,Extrovert
user_824,6,106,4,39.05,5,informative,Introvert
user_825,2,161,3,18.33,4,emotional,Extrovert
user_826,7,153,3,48.89,8,informative,Extrovert
user_827,3,298,9,21.72,10,informative,Extrovert
user_828,9,145,7,7.52,5,emotional,Extrovert
user_829,5,160,9,23.3,15,informative,Extrovert
user_830,8,122,9,33.95,18,neutral,Extrovert
user_831,6,245,9,41.61,10,neutral,Introvert
user_832,8,82,9,22.94,20,informative,Extrovert
user_833,3,273,9,29.68,14,emotional,Extrovert
user_834,3,199,0,13.37,23,emotional,Extrovert
user_835,5,59,4,32.3,8,neutral,Extrovert
user_836,3,283,1,49.3,23,informative,Introvert
user_837,8,208,8,2.45,18,emotional,Extrovert
user_838,8,27,6,44.33,18,emotional,Introvert
user_839,2,123,9,28.11,23,neutral,Extrovert
user_840,4,244,7,12.6,8,neutral,Introvert
user_841,1,53,5,47.74,22,emotional,Extrovert
user_842,4,255,8,24.17,3,neutral,Introvert
user_843,4,247,5,16.58,9,emotional,Extrovert
user_844,9,207,6,9.07,8,informative,Extrovert
user_845,3,41,6,12.22,18,neutral,Extrovert
user_846,2,59,8,41.64,14,neutral,Extrovert
user_847,9,192,7,30.72,18,informative,Introvert
user_848,9,198,0,45.66,1,emotional,Introvert
user_849,1,105,3,11.6,9,emotional,Introvert
user_850,6,152,6,6.06,18,neutral,Introvert
user_851,8,32,7,0.3,16,emotional,Extrovert
user_852,3,47,6,25.39,19,emotional,Introvert
user_853,9,103,2,49.92,23,informative,Extrovert
user_854,2,299,3,34.75,20,informative,Introvert
user_855,6,282,6,15.42,1,informative,Extrovert
user_856,1,185,7,43.84,18,neutral,Extrovert
user_857,7,87,6,39.09,16,informative,Extrovert
user_858,3,245,5,0.77,17,informative,Extrovert
user_859,7,189,8,40.84,16,emotional,Introvert
user_860,4,105,8,15.03,1,informative,Introvert
user_861,9,152,6,7.48,18,neutral,Extrovert
user_862,5,197,7,11.32,0,informative,Extrovert
user_863,3,271,5,23.43,10,neutral,Extrovert
user_864,8,34,0,21.24,9,emotional,Extrovert
user_865,6,242,0,14.44,4,emotional,Extrovert
user_866,2,220,5,8.61,15,informative,Extrovert
user_867,3,126,1,38.11,23,emotional,Extrovert
user_868,8,269,7,49.51,4,informative,Introvert
user_869,7,108,0,38.89,23,emotional,Introvert
user_870,6,144,1,14.8,22,neutral,Extrovert
user_871,1,132,7,12.24,11,emotional,Extrovert
user_872,9,156,5,10.88,3,informative,Introvert
user_873,3,266,9,6.83,22,informative,Introvert
user_874,5,185,1,27.57,5,informative,Introvert
user_875,7,169,1,30.27,18,neutral,Extrovert
user_876,7,87,6,35.28,8,emotional,Extrovert
user_877,3,240,4,34.01,11,informative,Introvert
user_878,4,290,4,14.62,14,neutral,Extrovert
user_879,7,39,7,16.52,15,neutral,Extrovert
user_880,8,119,6,34.08,12,neutral,Introvert
user_881,2,271,8,17.47,20,emotional,Extrovert
user_882,9,96,3,10.63,23,emotional,Introvert
user_883,7,154,9,18.72,6,emotional,Introvert
user_884,8,192,3,13.6,22,neutral,Extrovert
user_885,6,220,1,4.42,19,emotional,Introvert
user_886,6,236,2,41.51,3,informative,Extrovert
user_887,9,227,0,42.66,10,neutral,Extrovert
user_888,4,93,0,10.99,7,emotional,Introvert
user_889,5,30,6,3.24,5,neutral,Extrovert
user_890,9,275,4,36.94,9,neutral,Introvert
user_891,1,31,2,10.58,6,emotional,Extrovert
user_892,4,97,6,19.67,6,neutral,Introvert
user_893,7,191,1,3.21,3,emotional,Introvert
user_894,9,115,2,11.31,2,emotional,Extrovert
user_895,6,292,0,39.65,23,emotional,Extrovert
user_896,8,198,7,40.22,6,neutral,Introvert
user_897,9,83,1,10.35,3,neutral,Introvert
user_898,4,151,6,16.8,12,emotional,Introvert
user_899,1,291,8,6.71,19,neutral,Extrovert
user_900,8,128,5,3.71,16,emotional,Extrovert
user_901,2,292,1,49.61,6,informative,Introvert
user_902,1,187,1,32.78,16,neutral,Introvert
user_903,7,199,8,27.1,3,neutral,Introvert
user_904,9,77,9,38.27,10,informative,Extrovert
user_905,9,98,7,42.0,2,informative,Extrovert
user_906,3,80,8,40.34,10,informative,Extrovert
user_907,6,140,3,0.83,2,emotional,Extrovert
user_908,7,226,3,9.34,11,emotional,Introvert
user_909,9,53,1,32.75,0,informative,Extrovert
user_910,2,89,9,18.79,3,emotional,Introvert
user_911,8,36,0,49.12,13,neutral,Extrovert
user_912,7,39,9,33.27,0,informative,Introvert
user_913,4,88,3,47.83,13,neutral,Extrovert
user_914,2,234,9,10.07,12,emotional,Extrovert
user_915,8,180,9,43.2,12,informative,Introvert
user_916,5,121,7,16.07,23,emotional,Extrovert
user_917,6,225,1,49.48,14,neutral,Introvert
user_918,7,164,7,7.88,16,emotional,Extrovert
user_919,1,76,0,25.82,11,neutral,Introvert
user_920,8,102,0,39.64,21,emotional,Introvert
user_921,4,288,3,21.63,22,neutral,Introvert
user_922,9,206,6,23.4,13,emotional,Extrovert
user_923,1,25,8,49.32,11,informative,Extrovert
user_924,2,129,4,21.27,17,informative,Introvert
user_925,6,157,1,30.2,3,emotional,Introvert
user_926,1,70,6,2.73,13,neutral,Extrovert
user_927,4,70,1,42.11,18,emotional,Introvert
user_928,8,106,8,32.41,12,informative,Introvert
user_929,5,87,8,20.2,22,neutral,Introvert
user_930,9,103,2,0.81,17,emotional,Extrovert
user_931,6,61,7,29.58,10,emotional,Extrovert
user_932,1,238,3,0.63,5,neutral,Extrovert
user_933,6,76,2,0.06,8,emotional,Introvert
user_934,6,245,0,30.8,11,informative,Extrovert
user_935,6,215,4,9.45,18,informative,Extrovert
user_936,8,267,3,9.59,13,neutral,Extrovert
user_937,6,185,0,32.66,14,emotional,Extrovert
user_938,5,81,9,2.68,10,emotional,Extrovert
user_939,2,282,7,15.67,5,informative,Extrovert
user_940,4,131,7,7.47,13,neutral,Introvert
user_941,5,272,7,29.01,2,neutral,Extrovert
user_942,4,218,2,33.09,18,neutral,Extrovert
user_943,2,197,5,36.06,19,informative,Introvert
user_944,7,45,6,12.76,10,informative,Introvert
user_945,2,265,8,4.46,23,neutral,Extrovert
user_946,1,38,4,3.93,16,neutral,Extrovert
user_947,5,284,8,21.31,16,emotional,Extrovert
user_948,1,39,5,47.29,22,emotional,Extrovert
user_949,1,125,9,10.89,2,neutral,Extrovert
user_950,1,256,9,12.84,13,informative,Extrovert
user_951,6,265,9,5.04,6,informative,Introvert
user_952,9,100,3,30.28,18,emotional,Extrovert
user_953,1,169,0,33.99,2,neutral,Introvert
user_954,5,29,0,32.15,1,informative,Extrovert
user_955,9,243,9,43.06,16,informative,Extrovert
user_956,9,283,4,24.32,8,informative,Extrovert
user_957,1,168,2,6.72,21,informative,Introvert
user_958,8,297,4,14.47,5,emotional,Introvert
user_959,1,293,4,33.12,23,informative,Extrovert
user_960,8,213,0,30.66,20,informative,Introvert
user_961,1,191,7,26.55,8,neutral,Extrovert
user_962,5,284,4,34.15,4,neutral,Introvert
user_963,8,45,4,31.87,1,emotional,Extrovert
user_964,6,45,8,44.07,21,emotional,Introvert
user_965,9,53,7,29.3,14,emotional,Extrovert
user_966,1,283,0,38.93,8,emotional,Introvert
user_967,9,157,2,12.44,18,informative,Extrovert
user_968,1,202,6,33.91,9,neutral,Extrovert
user_969,3,261,0,45.11,3,informative,Introvert
user_970,1,73,0,19.29,9,informative,Extrovert
user_971,3,187,4,38.96,7,informative,Extrovert
user_972,2,138,8,36.24,21,neutral,Extrovert
user_973,2,162,5,2.98,12,emotional,Introvert
user_974,9,100,9,29.08,6,emotional,Introvert
user_975,8,264,1,6.51,6,neutral,Extrovert
user_976,1,81,8,48.37,3,neutral,Introvert
user_977,4,65,5,40.57,14,emotional,Extrovert
user_978,1,106,4,5.49,11,informative,Introvert
user_979,1,118,4,6.09,15,emotional,Extrovert
user_980,4,72,2,29.72,5,neutral,Extrovert
user_981,2,211,5,17.24,8,emotional,Introvert
user_982,3,99,3,1.75,2,emotional,Introvert
user_983,9,35,9,27.08,7,emotional,Extrovert
user_984,2,213,1,19.39,6,neutral,Introvert
user_985,4,160,2,5.05,3,neutral,Introvert
user_986,1,127,8,40.1,12,emotional,Introvert
user_987,2,284,8,45.75,18,emotional,Introvert
user_988,5,228,5,37.83,6,informative,Extrovert
user_989,1,184,9,41.12,9,informative,Extrovert
user_990,7,171,9,10.82,11,emotional,Extrovert
user_991,4,287,8,13.18,2,neutral,Introvert
user_992,6,170,3,10.43,23,informative,Introvert
user_993,8,226,4,38.25,11,emotional,Introvert
user_994,6,274,9,47.4,18,informative,Extrovert
user_995,2,160,5,35.84,14,informative,Extrovert
user_996,1,115,8,44.07,7,informative,Extrovert
user_997,8,246,4,31.93,11,neutral,Extrovert
user_998,8,212,7,19.38,19,emotional,Extrovert
user_999,9,137,0,21.29,5,neutral,Introvert
user_1000,6,24,4,3.77,9,neutral,Extrovert
user_1001,1,262,9,1.57,1,informative,Introvert
user_1002,9,40,0,34.77,23,emotional,Introvert
user_1003,3,171,9,21.92,12,informative,Introvert
user_1004,6,147,5,27.61,6,neutral,Extrovert
user_1005,9,143,6,27.88,7,neutral,Introvert
user_1006,3,165,4,13.87,22,emotional,Extrovert
user_1007,5,296,0,23.79,15,neutral,Introvert
user_1008,5,171,5,23.54,10,neutral,Extrovert
user_1009,7,130,9,19.42,3,emotional,Introvert
user_1010,4,135,4,41.03,16,informative,Extrovert
user_1011,4,207,5,22.56,15,emotional,Introvert
user_1012,7,76,9,30.18,18,neutral,Extrovert
user_1013,9,270,6,44.78,22,emotional,Extrovert
user_1014,4,169,6,43.31,10,informative,Extrovert
user_1015,4,181,1,44.52,6,neutral,Introvert
user_1016,6,139,2,13.5,12,informative,Extrovert
user_1017,6,89,5,1.75,18,informative,Extrovert
user_1018,7,118,2,13.05,16,emotional,Extrovert
user_1019,1,186,1,13.94,21,informative,Extrovert
user_1020,3,170,3,45.47,12,emotional,Extrovert
user_1021,9,21,4,32.46,11,emotional,Introvert
user_1022,6,171,9,4.09,6,informative,Extrovert
user_1023,6,84,8,6.77,0,emotional,Extrovert
user_1024,5,88,2,7.78,0,emotional,Extrovert
user_1025,3,140,2,31.52,19,informative,Introvert
user_1026,5,128,5,36.77,22,neutral,Extrovert
user_1027,1,266,4,42.98,13,emotional,Extrovert
user_1028,3,112,5,47.03,14,emotional,Introvert
user_1029,4,287,6,10.09,10,informative,Introvert
user_1030,5,122,2,15.49,23,emotional,Introvert
user_1031,9,131,4,12.02,8,informative,Introvert
user_1032,4,81,7,17.94,16,neutral,Extrovert
user_1033,3,155,3,45.73,3,neutral,Introvert
user_1034,1,74,9,28.76,19,informative,Introvert
user_1035,6,127,1,36.91,18,neutral,Extrovert
user_1036,7,277,3,24.51,6,informative,Introvert
user_1037,8,272,1,1.44,0,emotional,Extrovert
user_1038,1,241,2,3.21,8,neutral,Extrovert
user_1039,4,186,3,26.9,12,emotional,Introvert
user_1040,5,179,3,35.94,23,emotional,Extrovert
user_1041,2,185,9,10.77,1,informative,Extrovert
user_1042,1,224,8,36.1,1,neutral,Extrovert
user_1043,8,286,9,40.53,23,neutral,Introvert
user_1044,6,157,5,20.59,14,emotional,Extrovert
user_1045,5,267,8,37.32,16,emotional,Introvert
user_1046,9,74,3,20.2,12,informative,Introvert
user_1047,2,228,8,33.92,6,neutral,Extrovert
user_1048,8,36,8,38.2,8,informative,Introvert
user_1049,9,87,5,49.6,11,informative,Introvert
user_1050,1,152,4,17.27,2,informative,Extrovert
user_1051,7,207,2,20.55,22,neutral,Introvert
user_1052,8,157,4,8.28,21,informative,Introvert
user_1053,3,193,2,10.2,14,neutral,Extrovert
user_1054,4,116,4,34.67,6,informative,Extrovert
user_1055,3,190,4,45.85,22,emotional,Introvert
user_1056,7,173,1,19.73,0,informative,Introvert
user_1057,9,202,8,8.99,13,informative,Introvert
user_1058,3,261,6,14.25,18,neutral,Extrovert
user_1059,6,46,5,22.75,15,emotional,Extrovert
user_1060,8,79,4,14.53,9,emotional,Extrovert
user_1061,6,221,3,11.68,0,neutral,Extrovert
user_1062,2,269,7,36.8,4,neutral,Introvert
user_1063,7,88,1,0.39,2,emotional,Introvert
user_1064,2,40,7,26.96,16,neutral,Extrovert
user_1065,2,171,0,39.69,17,emotional,Extrovert
user_1066,2,121,9,13.31,20,informative,Extrovert
user_1067,1,114,0,30.16,18,informative,Introvert
user_1068,1,248,2,33.45,21,emotional,Extrovert
user_1069,7,144,4,32.75,21,emotional,Introvert
user_1070,5,277,5,22.29,17,informative,Extrovert
user_1071,3,255,3,17.33,15,informative,Extrovert
user_1072,1,181,6,41.8,1,emotional,Introvert
user_1073,6,61,6,37.92,14,neutral,Extrovert
user_1074,1,295,1,16.06,12,neutral,Extrovert
user_1075,9,87,1,5.15,12,emotional,Extrovert
user_1076,2,192,1,3.59,15,neutral,Extrovert
user_1077,1,144,1,4.71,7,informative,Introvert
user_1078,7,189,8,29.14,10,informative,Extrovert
user_1079,6,66,4,2.58,7,neutral,Extrovert
user_1080,6,280,7,16.85,21,emotional,Introvert
user_1081,5,236,4,37.66,9,informative,Introvert
user_1082,4,143,4,14.72,22,informative,Introvert
user_1083,4,181,0,38.17,0,informative,Introvert
user_1084,3,220,5,37.27,11,neutral,Extrovert
user_1085,8,294,3,12.29,8,emotional,Introvert
user_1086,7,225,2,36.44,4,neutral,Introvert
user_1087,9,59,5,37.39,8,emotional,Extrovert
user_1088,1,292,1,19.87,15,emotional,Extrovert
user_1089,7,207,7,10.52,17,neutral,Extrovert
user_1090,4,112,0,26.06,7,informative,Introvert
user_1091,7,61,8,46.07,22,emotional,Extrovert
user_1092,1,126,7,31.98,10,neutral,Introvert
user_1093,5,84,0,8.65,19,informative,Introvert
user_1094,3,154,9,34.14,18,emotional,Introvert
user_1095,5,43,8,21.36,3,emotional,Extrovert
user_1096,4,47,1,29.58,19,informative,Extrovert
user_1097,2,81,2,36.7,9,emotional,Extrovert
user_1098,4,292,1,25.75,23,neutral,Introvert
user_1099,3,248,7,40.7,12,emotional,Introvert
user_1100,1,39,1,36.11,19,emotional,Extrovert
user_1101,8,22,9,30.75,13,informative,Introvert
user_1102,5,237,1,7.54,20,neutral,Introvert
user_1103,4,155,0,41.8,1,informative,Extrovert
user_1104,5,22,6,46.8,3,neutral,Extrovert
user_1105,4,212,1,6.85,6,informative,Extrovert
user_1106,3,92,9,24.41,18,emotional,Introvert
user_1107,5,137,4,12.94,16,neutral,Introvert
user_1108,4,173,4,37.73,15,neutral,Extrovert
user_1109,1,228,2,36.08,12,emotional,Extrovert
user_1110,3,53,2,7.04,23,informative,Extrovert
user_1111,8,156,2,43.85,23,neutral,Extrovert
user_1112,7,139,5,9.05,21,emotional,Introvert
user_1113,2,134,3,39.86,22,emotional,Extrovert
user_1114,1,32,2,22.85,17,neutral,Introvert
user_1115,3,88,1,16.41,20,neutral,Extrovert
user_1116,5,276,2,7.91,11,neutral,Introvert
user_1117,1,108,3,8.38,22,emotional,Introvert
user_1118,3,66,5,33.09,0,informative,Introvert
user_1119,3,279,3,27.52,14,informative,Extrovert
user_1120,5,247,7,6.1,2,neutral,Extrovert
user_1121,3,199,2,5.63,5,emotional,Introvert
user_1122,9,29,2,3.62,13,emotional,Introvert
user_1123,1,145,2,37.19,22,neutral,Extrovert
user_1124,4,153,7,35.59,5,emotional,Introvert
user_1125,4,174,3,2.92,0,emotional,Extrovert
user_1126,1,267,0,28.01,19,emotional,Extrovert
user_1127,2,159,1,4.23,5,neutral,Extrovert
user_1128,1,195,9,45.19,7,neutral,Extrovert
user_1129,6,193,1,45.36,14,neutral,Introvert
user_1130,3,93,2,34.91,13,informative,Introvert
user_1131,7,162,5,46.31,15,informative,Introvert
user_1132,5,131,7,40.57,19,neutral,Introvert
user_1133,9,225,0,41.43,22,emotional,Introvert
user_1134,7,150,8,28.49,15,emotional,Introvert
user_1135,4,129,0,15.3,18,neutral,Extrovert
user_1136,5,86,9,10.89,23,emotional,Introvert
user_1137,5,105,1,16.36,0,emotional,Extrovert
user_1138,5,294,2,31.42,3,informative,Introvert
user_1139,9,246,6,8.63,23,emotional,Introvert
user_1140,3,29,8,12.93,9,emotional,Introvert
user_1141,6,131,2,23.4,19,neutral,Extrovert
user_1142,8,43,7,11.65,17,informative,Introvert
user_1143,9,187,8,29.43,1,informative,Extrovert
user_1144,7,128,9,46.16,3,emotional,Extrovert
user_1145,3,209,6,37.4,14,neutral,Extrovert
user_1146,1,215,3,33.32,3,informative,Extrovert
user_1147,4,52,3,29.14,15,informative,Introvert
user_1148,6,224,3,24.4,14,emotional,Extrovert
user_1149,3,201,5,9.33,17,informative,Extrovert
user_1150,1,166,3,44.74,6,neutral,Extrovert
user_1151,6,287,4,12.43,14,neutral,Introvert
user_1152,1,30,8,4.57,21,informative,Introvert
user_1153,9,89,6,37.5,10,neutral,Introvert
user_1154,1,275,7,8.78,18,neutral,Introvert
user_1155,6,238,4,18.59,7,emotional,Introvert
user_1156,1,278,4,1.41,23,informative,Extrovert
user_1157,7,22,6,6.85,0,informative,Extrovert
user_1158,3,103,7,8.66,2,emotional,Extrovert
user_1159,6,175,8,2.72,4,emotional,Introvert
user_1160,7,170,1,32.83,17,emotional,Extrovert
user_1161,1,195,2,41.85,11,emotional,Introvert
user_1162,1,214,1,18.67,11,neutral,Extrovert
user_1163,5,126,9,43.73,20,neutral,Extrovert
user_1164,6,153,6,10.67,18,emotional,Extrovert
user_1165,9,295,1,16.27,8,informative,Extrovert
user_1166,1,174,1,7.54,10,informative,Introvert
user_1167,4,296,1,31.03,16,informative,Extrovert
user_1168,8,255,3,20.99,15,emotional,Introvert
user_1169,9,259,0,30.66,3,neutral,Extrovert
user_1170,3,32,1,38.08,9,neutral,Introvert
user_1171,2,54,2,27.29,21,neutral,Extrovert
user_1172,4,66,6,31.38,14,neutral,Introvert
user_1173,2,233,9,46.76,18,informative,Introvert
user_1174,1,165,0,14.95,2,informative,Introvert
user_1175,3,178,5,17.96,20,neutral,Extrovert
user_1176,7,144,2,35.89,22,emotional,Introvert
user_1177,1,129,2,30.57,4,neutral,Introvert
user_1178,2,56,3,8.93,10,neutral,Extrovert
user_1179,1,296,3,18.81,23,emotional,Introvert
user_1180,8,33,6,23.39,4,neutral,Introvert
user_1181,5,251,2,20.97,6,informative,Introvert
user_1182,8,143,7,8.91,5,emotional,Extrovert
user_1183,3,298,7,46.22,12,emotional,Introvert
user_1184,7,130,6,38.12,1,neutral,Introvert
user_1185,8,143,1,24.07,18,informative,Introvert
user_1186,6,49,4,34.0,10,informative,Introvert
user_1187,7,134,5,44.86,19,informative,Introvert
user_1188,2,109,9,6.81,4,neutral,Extrovert
user_1189,8,231,3,12.52,8,neutral,Introvert
user_1190,5,57,9,27.14,5,informative,Introvert
user_1191,7,102,4,39.95,16,neutral,Extrovert
user_1192,1,46,8,1.81,18,informative,Introvert
user_1193,5,236,6,49.2,22,neutral,Introvert
user_1194,1,234,1,22.75,7,emotional,Extrovert
user_1195,8,240,0,17.96,6,emotional,Extrovert
user_1196,4,34,1,14.64,4,neutral,Extrovert
user_1197,4,278,2,8.72,14,neutral,Extrovert
user_1198,2,285,1,39.58,9,informative,Extrovert
user_1199,5,139,2,47.77,23,emotional,Introvert
user_1200,1,147,9,20.68,15,informative,Extrovert
user_1201,9,230,8,47.62,8,neutral,Extrovert
user_1202,5,30,3,41.19,6,informative,Extrovert
user_1203,6,195,8,24.05,10,informative,Introvert
user_1204,2,152,2,33.7,8,neutral,Extrovert
user_1205,1,33,0,21.75,16,emotional,Extrovert
user_1206,4,69,4,27.94,8,informative,Introvert
user_1207,7,91,9,2.9,2,neutral,Extrovert
user_1208,6,88,9,34.81,21,informative,Extrovert
user_1209,1,35,1,2.64,7,neutral,Introvert
user_1210,1,75,3,40.85,18,neutral,Introvert
user_1211,8,124,1,41.25,19,neutral,Extrovert
user_1212,4,151,1,11.85,15,emotional,Extrovert
user_1213,5,67,2,16.18,6,emotional,Introvert
user_1214,7,267,4,24.07,6,neutral,Introvert
user_1215,8,292,3,29.83,19,emotional,Extrovert
user_1216,7,130,1,14.37,12,informative,Extrovert
user_1217,2,57,9,29.62,2,emotional,Extrovert
user_1218,4,259,1,14.89,11,emotional,Introvert
user_1219,1,140,5,2.77,23,informative,Introvert
user_1220,9,67,6,0.13,7,informative,Extrovert
user_1221,3,29,9,5.06,12,informative,Introvert
user_1222,3,252,5,39.61,19,neutral,Extrovert
user_1223,9,55,6,48.07,15,informative,Introvert
user_1224,3,23,0,21.35,6,informative,Extrovert
user_1225,8,63,5,25.63,3,informative,Introvert
user_1226,2,75,2,7.34,11,neutral,Extrovert
user_1227,3,61,0,27.55,16,emotional,Introvert
user_1228,2,274,7,7.23,0,neutral,Extrovert
user_1229,1,247,3,30.56,16,emotional,Extrovert
user_1230,2,133,9,46.66,1,informative,Extrovert
user_1231,8,256,7,9.78,5,neutral,Extrovert
user_1232,9,193,9,38.23,11,neutral,Extrovert
user_1233,2,274,3,1.18,10,emotional,Introvert
user_1234,7,296,3,18.77,20,neutral,Introvert
user_1235,5,88,9,5.54,10,neutral,Introvert
user_1236,3,249,3,17.62,17,emotional,Extrovert
user_1237,9,86,5,8.68,7,neutral,Extrovert
user_1238,6,55,8,18.67,6,neutral,Introvert
user_1239,1,178,4,20.88,13,informative,Extrovert
user_1240,5,168,9,15.03,15,informative,Extrovert
user_1241,7,46,7,32.83,11,informative,Extrovert
user_1242,4,91,7,45.94,8,informative,Introvert
user_1243,8,267,3,20.03,19,informative,Extrovert
user_1244,5,120,9,9.62,22,neutral,Extrovert
user_1245,9,209,8,13.54,20,neutral,Extrovert
user_1246,9,115,8,42.7,15,informative,Extrovert
user_1247,9,297,4,28.58,20,emotional,Extrovert
user_1248,1,36,5,22.75,18,informative,Extrovert
user_1249,2,282,4,7.48,15,neutral,Introvert
user_1250,3,126,2,22.49,8,emotional,Introvert
user_1251,4,87,7,13.92,12,informative,Introvert
user_1252,9,147,8,47.16,4,emotional,Extrovert
user_1253,6,115,3,44.2,21,informative,Extrovert
user_1254,1,20,8,4.2,18,neutral,Introvert
user_1255,9,199,8,25.83,9,informative,Introvert
user_1256,6,200,6,11.25,6,emotional,Introvert
user_1257,4,254,7,20.54,8,neutral,Extrovert
user_1258,4,27,2,43.84,13,informative,Introvert
user_1259,3,46,4,26.38,14,informative,Extrovert
user_1260,7,165,2,16.71,12,informative,Extrovert
user_1261,3,110,6,10.39,9,informative,Extrovert
user_1262,2,291,5,40.02,13,neutral,Extrovert
user_1263,8,24,2,31.23,20,neutral,Introvert
user_1264,4,101,8,23.4,22,informative,Extrovert
user_1265,8,238,0,10.87,11,neutral,Introvert
user_1266,1,137,9,16.71,18,emotional,Introvert
user_1267,5,100,2,47.99,5,neutral,Extrovert
user_1268,9,89,9,26.0,11,emotional,Introvert
user_1269,1,134,6,20.03,23,emotional,Introvert
user_1270,4,282,2,26.07,12,neutral,Extrovert
user_1271,6,161,2,38.95,7,informative,Extrovert
user_1272,8,226,1,17.01,15,neutral,Introvert
user_1273,3,130,8,8.94,1,emotional,Introvert
user_1274,5,131,3,29.25,21,emotional,Extrovert
user_1275,7,62,9,33.26,6,neutral,Extrovert
user_1276,1,147,5,35.64,11,emotional,Introvert
user_1277,7,204,1,44.1,6,neutral,Introvert
user_1278,8,248,8,18.56,18,neutral,Extrovert
user_1279,8,240,6,3.77,13,informative,Extrovert
user_1280,9,136,9,47.92,8,emotional,Introvert
user_1281,6,89,4,21.75,17,neutral,Extrovert
user_1282,6,89,6,31.16,10,emotional,Extrovert
user_1283,2,129,3,33.32,15,neutral,Extrovert
user_1284,3,151,9,27.33,18,neutral,Introvert
user_1285,4,75,6,10.26,10,informative,Introvert
user_1286,4,108,1,37.76,17,neutral,Introvert
user_1287,8,156,6,40.19,10,informative,Introvert
user_1288,1,150,3,27.65,3,emotional,Introvert
user_1289,4,237,3,24.43,17,informative,Extrovert
user_1290,4,195,0,5.7,18,informative,Extrovert
user_1291,1,190,2,4.2,12,emotional,Extrovert
user_1292,3,119,4,16.98,3,informative,Introvert
user_1293,5,148,4,15.54,9,informative,Extrovert
user_1294,6,76,1,47.68,21,neutral,Extrovert
user_1295,9,200,3,39.18,4,informative,Introvert
user_1296,9,265,0,33.0,2,neutral,Introvert
user_1297,9,163,8,25.88,15,informative,Introvert
user_1298,1,70,0,8.37,7,emotional,Extrovert
user_1299,9,237,5,48.92,23,emotional,Extrovert
user_1300,8,123,6,18.75,6,informative,Extrovert
user_1301,2,74,2,5.35,18,neutral,Extrovert
user_1302,1,276,0,24.69,13,informative,Introvert
user_1303,1,175,6,43.7,14,neutral,Extrovert
user_1304,6,72,2,44.36,16,informative,Extrovert
user_1305,9,206,9,0.55,20,emotional,Introvert
user_1306,7,169,5,44.31,0,emotional,Extrovert
user_1307,5,283,5,13.57,5,neutral,Extrovert
user_1308,2,269,3,1.95,22,informative,Introvert
user_1309,1,230,5,42.39,14,neutral,Extrovert
user_1310,2,44,9,43.19,11,emotional,Introvert
user_1311,1,171,3,29.81,20,neutral,Introvert
user_1312,3,43,7,28.72,19,informative,Introvert
user_1313,6,271,8,40.66,1,neutral,Introvert
user_1314,8,79,1,39.32,4,informative,Extrovert
user_1315,3,85,6,44.51,8,informative,Introvert
user_1316,9,72,8,27.64,19,emotional,Extrovert
user_1317,5,125,8,48.38,13,informative,Extrovert
user_1318,7,115,4,49.81,17,informative,Extrovert
user_1319,8,195,0,5.83,21,informative,Extrovert
user_1320,3,58,5,42.48,7,neutral,Extrovert
user_1321,2,187,7,24.99,1,emotional,Introvert
user_1322,2,61,0,19.38,8,neutral,Introvert
user_1323,5,123,1,30.65,6,neutral,Introvert
user_1324,1,223,0,2.8,17,emotional,Extrovert
user_1325,2,27,4,25.32,15,neutral,Extrovert
user_1326,9,62,1,43.54,20,neutral,Introvert
user_1327,7,129,9,10.67,4,informative,Introvert
user_1328,6,229,9,21.32,22,neutral,Extrovert
user_1329,9,256,3,46.97,14,emotional,Extrovert
user_1330,7,68,0,21.43,4,neutral,Extrovert
user_1331,5,134,6,17.92,10,informative,Extrovert
user_1332,9,174,7,22.03,21,neutral,Introvert
user_1333,6,156,4,25.97,13,emotional,Extrovert
user_1334,6,186,1,31.6,18,informative,Introvert
user_1335,4,218,7,40.03,2,neutral,Introvert
user_1336,1,90,0,22.61,23,emotional,Introvert
user_1337,5,26,6,40.87,9,emotional,Extrovert
user_1338,9,219,0,26.69,5,neutral,Extrovert
user_1339,8,86,5,16.92,2,neutral,Introvert
user_1340,8,157,5,32.9,1,informative,Extrovert
user_1341,5,261,4,35.89,12,neutral,Extrovert
user_1342,9,232,1,27.9,17,informative,Extrovert
user_1343,3,200,1,2.83,1,neutral,Extrovert
user_1344,3,273,8,8.49,14,emotional,Extrovert
user_1345,1,120,4,14.26,4,emotional,Extrovert
user_1346,9,106,4,14.13,14,emotional,Introvert
user_1347,6,204,6,33.67,20,emotional,Extrovert
user_1348,2,110,5,0.92,16,informative,Introvert
user_1349,8,267,1,37.78,1,emotional,Extrovert
user_1350,9,233,0,13.27,17,informative,Introvert
user_1351,9,268,4,15.5,14,informative,Extrovert
user_1352,2,145,3,26.4,19,informative,Introvert
user_1353,2,23,2,10.8,22,neutral,Introvert
user_1354,7,107,1,44.22,2,informative,Extrovert
user_1355,4,170,9,4.27,4,neutral,Extrovert
user_1356,1,195,1,22.22,10,informative,Introvert
user_1357,8,230,3,42.47,8,neutral,Extrovert
user_1358,2,278,1,30.79,4,neutral,Introvert
user_1359,3,110,3,14.62,0,emotional,Extrovert
user_1360,5,278,2,21.04,13,informative,Introvert
user_1361,3,210,8,35.33,4,neutral,Extrovert
user_1362,7,100,6,48.66,7,emotional,Extrovert
user_1363,7,157,2,44.66,20,informative,Introvert
user_1364,2,145,7,17.12,13,emotional,Extrovert
user_1365,7,249,8,49.91,15,neutral,Introvert
user_1366,6,39,6,0.18,5,emotional,Extrovert
user_1367,9,68,5,1.38,7,emotional,Introvert
user_1368,9,154,3,41.19,1,informative,Extrovert
user_1369,2,48,4,9.97,18,neutral,Extrovert
user_1370,7,67,7,3.04,8,informative,Extrovert
user_1371,5,288,2,11.86,4,informative,Extrovert
user_1372,6,22,1,21.31,4,emotional,Introvert
user_1373,1,277,2,36.53,18,neutral,Introvert
user_1374,7,35,6,31.22,3,informative,Extrovert
user_1375,6,113,7,11.88,15,neutral,Introvert
user_1376,4,153,0,25.16,15,informative,Introvert
user_1377,1,152,6,46.31,15,emotional,Introvert
user_1378,9,51,8,40.75,6,informative,Introvert
user_1379,4,288,2,16.16,17,informative,Introvert
user_1380,2,44,2,49.11,23,informative,Introvert
user_1381,8,78,7,35.43,20,neutral,Extrovert
user_1382,2,232,3,3.12,0,emotional,Extrovert
user_1383,5,175,7,1.76,2,neutral,Introvert
user_1384,6,295,4,8.42,20,informative,Introvert
user_1385,8,229,2,36.39,7,emotional,Introvert
user_1386,1,76,3,9.19,0,neutral,Introvert
user_1387,1,204,3,25.57,6,informative,Introvert
user_1388,4,73,7,4.66,6,emotional,Extrovert
user_1389,5,228,5,46.04,7,emotional,Extrovert
user_1390,9,271,6,17.2,18,informative,Introvert
user_1391,7,131,8,45.41,16,emotional,Introvert
user_1392,7,25,5,47.24,10,emotional,Introvert
user_1393,8,210,2,0.31,14,neutral,Introvert
user_1394,5,298,2,23.21,8,emotional,Extrovert
user_1395,5,32,2,1.23,16,neutral,Extrovert
user_1396,1,63,9,45.43,10,neutral,Introvert
user_1397,9,124,1,25.92,5,neutral,Extrovert
user_1398,6,179,0,3.75,8,neutral,Extrovert
user_1399,9,173,9,5.51,17,emotional,Extrovert
user_1400,3,261,0,19.18,19,emotional,Introvert
user_1401,5,200,3,47.01,1,neutral,Introvert
user_1402,2,33,2,34.65,3,emotional,Introvert
user_1403,5,199,4,43.38,17,neutral,Introvert
user_1404,8,283,8,18.32,0,neutral,Extrovert
user_1405,2,187,7,2.16,10,neutral,Extrovert
user_1406,8,233,8,48.72,2,informative,Extrovert
user_1407,4,169,4,0.86,7,emotional,Extrovert
user_1408,1,35,7,47.38,4,emotional,Extrovert
user_1409,5,110,3,18.43,19,neutral,Extrovert
user_1410,1,139,4,0.5,20,emotional,Introvert
user_1411,7,272,2,34.46,21,neutral,Introvert
user_1412,8,79,4,49.03,21,emotional,Extrovert
user_1413,3,285,2,48.28,4,neutral,Introvert
user_1414,3,50,4,8.05,10,neutral,Extrovert
user_1415,7,40,4,9.06,11,informative,Extrovert
user_1416,4,238,5,28.28,21,neutral,Extrovert
user_1417,3,100,8,31.87,8,informative,Extrovert
user_1418,8,50,0,36.97,20,emotional,Extrovert
user_1419,3,253,9,9.05,12,emotional,Introvert
user_1420,7,55,5,47.95,21,informative,Extrovert
user_1421,2,151,0,31.94,19,emotional,Introvert
user_1422,1,151,5,42.35,2,informative,Extrovert
user_1423,6,28,1,27.0,12,emotional,Introvert
user_1424,8,49,7,20.71,21,informative,Introvert
user_1425,1,134,2,48.86,10,informative,Extrovert
user_1426,9,23,9,29.11,10,neutral,Extrovert
user_1427,3,256,5,43.34,20,emotional,Introvert
user_1428,3,42,5,47.66,19,neutral,Extrovert
user_1429,4,35,3,33.77,20,informative,Extrovert
user_1430,1,41,4,27.45,6,neutral,Extrovert
user_1431,9,91,1,0.18,16,informative,Introvert
user_1432,3,249,9,2.0,15,emotional,Extrovert
user_1433,4,126,9,10.04,13,emotional,Extrovert
user_1434,1,227,7,9.3,0,emotional,Extrovert
user_1435,4,227,9,12.74,10,informative,Introvert
user_1436,1,282,6,15.25,12,neutral,Extrovert
user_1437,5,70,9,18.0,0,emotional,Introvert
user_1438,5,84,5,21.03,1,informative,Extrovert
user_1439,7,284,6,4.94,8,neutral,Extrovert
user_1440,8,194,0,2.12,12,informative,Introvert
user_1441,4,171,4,33.7,4,informative,Introvert
user_1442,7,285,6,26.87,8,emotional,Introvert
user_1443,4,182,0,22.21,12,informative,Extrovert
user_1444,3,257,1,31.72,4,informative,Introvert
user_1445,6,218,8,41.38,14,neutral,Introvert
user_1446,4,35,2,21.38,6,emotional,Extrovert
user_1447,3,295,5,32.06,13,informative,Extrovert
user_1448,9,258,6,47.68,15,informative,Extrovert
user_1449,5,88,8,41.98,5,neutral,Introvert
user_1450,7,25,4,21.3,1,informative,Introvert
user_1451,6,239,3,32.24,15,informative,Extrovert
user_1452,5,273,1,8.85,18,informative,Extrovert
user_1453,7,126,2,28.03,4,informative,Extrovert
user_1454,6,137,4,49.07,3,informative,Introvert
user_1455,2,187,1,25.92,13,neutral,Extrovert
user_1456,3,270,3,46.38,5,informative,Introvert
user_1457,2,101,0,20.37,7,informative,Introvert
user_1458,3,73,3,49.94,23,informative,Extrovert
user_1459,1,259,6,28.96,2,informative,Introvert
user_1460,8,31,2,2.11,3,emotional,Introvert
user_1461,6,228,9,29.34,0,emotional,Extrovert
user_1462,2,184,7,13.73,1,emotional,Extrovert
user_1463,8,26,5,1.62,12,emotional,Introvert
user_1464,6,97,5,41.04,8,neutral,Introvert
user_1465,7,84,0,13.79,11,emotional,Introvert
user_1466,1,121,4,39.83,9,neutral,Extrovert
user_1467,7,190,2,14.41,9,emotional,Introvert
user_1468,3,96,9,9.72,17,neutral,Extrovert
user_1469,8,67,0,48.7,11,emotional,Extrovert
user_1470,6,274,7,18.08,21,informative,Introvert
user_1471,4,101,6,30.07,15,emotional,Extrovert
user_1472,8,228,6,30.5,22,emotional,Introvert
user_1473,9,228,9,28.02,5,emotional,Extrovert
user_1474,2,103,9,45.73,23,informative,Extrovert
user_1475,6,29,9,33.72,23,neutral,Introvert
user_1476,5,48,3,20.19,20,neutral,Introvert
user_1477,5,135,5,43.12,23,informative,Extrovert
user_1478,3,288,8,9.05,9,emotional,Introvert
user_1479,8,66,2,27.21,14,emotional,Extrovert
user_1480,8,110,8,47.53,8,emotional,Introvert
user_1481,5,72,3,31.27,23,neutral,Extrovert
user_1482,8,237,4,40.85,1,neutral,Extrovert
user_1483,8,96,6,32.68,17,informative,Introvert
user_1484,3,223,5,41.97,11,informative,Extrovert
user_1485,2,63,9,47.22,2,neutral,Introvert
user_1486,9,175,7,13.65,6,emotional,Introvert
user_1487,2,21,7,8.48,8,emotional,Extrovert
user_1488,9,76,7,24.2,7,emotional,Introvert
user_1489,4,77,2,35.09,5,emotional,Extrovert
user_1490,2,273,9,11.36,0,informative,Extrovert
user_1491,1,199,5,0.21,13,informative,Introvert
user_1492,4,176,6,17.15,15,neutral,Introvert
user_1493,9,54,8,48.44,15,informative,Introvert
user_1494,9,94,9,34.75,3,emotional,Extrovert
user_1495,4,94,9,20.07,5,neutral,Introvert
user_1496,9,97,3,9.63,14,informative,Introvert
user_1497,6,274,4,17.8,21,informative,Introvert
user_1498,1,284,7,8.49,7,informative,Extrovert
user_1499,6,86,0,5.32,0,informative,Introvert
user_1500,9,240,5,45.34,12,informative,Introvert
user_1501,2,183,3,49.88,17,emotional,Extrovert
user_1502,6,239,4,8.21,17,emotional,Introvert
user_1503,2,191,4,2.73,12,emotional,Extrovert
user_1504,4,273,1,16.49,21,informative,Extrovert
user_1505,8,229,7,23.08,13,neutral,Introvert
user_1506,7,207,1,10.24,10,emotional,Introvert
user_1507,9,210,3,15.07,6,emotional,Extrovert
user_1508,7,234,4,10.04,17,informative,Introvert
user_1509,1,105,0,38.71,20,neutral,Introvert
user_1510,2,125,5,35.63,21,emotional,Introvert
user_1511,6,38,1,31.75,3,emotional,Extrovert
user_1512,7,66,4,19.36,16,neutral,Extrovert
user_1513,3,84,5,45.45,18,informative,Introvert
user_1514,9,165,7,48.48,13,neutral,Introvert
user_1515,7,85,8,8.68,9,informative,Extrovert
user_1516,6,24,5,11.15,5,emotional,Extrovert
user_1517,6,112,4,26.28,17,neutral,Introvert
user_1518,1,113,3,4.56,3,neutral,Introvert
user_1519,5,125,1,21.82,10,emotional,Extrovert
user_1520,3,152,1,29.09,12,emotional,Introvert
user_1521,7,98,6,26.1,7,informative,Introvert
user_1522,3,231,4,16.55,9,emotional,Extrovert
user_1523,5,27,6,27.12,22,emotional,Extrovert
user_1524,7,178,0,47.94,10,neutral,Extrovert
user_1525,3,287,0,10.3,2,informative,Extrovert
user_1526,2,168,4,32.74,14,emotional,Introvert
user_1527,6,110,1,2.17,7,neutral,Introvert
user_1528,8,255,7,3.32,19,emotional,Extrovert
user_1529,4,187,2,27.59,17,emotional,Extrovert
user_1530,9,212,0,5.25,20,emotional,Introvert
user_1531,8,206,1,1.12,0,emotional,Introvert
user_1532,7,290,9,8.58,23,informative,Extrovert
user_1533,7,133,9,28.24,7,neutral,Introvert
user_1534,3,30,6,35.17,2,neutral,Extrovert
user_1535,6,74,5,10.12,0,emotional,Introvert
user_1536,5,277,7,33.41,19,neutral,Extrovert
user_1537,1,84,6,9.12,15,emotional,Introvert
user_1538,3,191,9,30.67,8,neutral,Extrovert
user_1539,1,291,7,20.6,16,informative,Introvert
user_1540,4,169,2,32.69,15,informative,Introvert
user_1541,3,165,5,49.75,22,neutral,Introvert
user_1542,4,228,6,46.89,5,emotional,Extrovert
user_1543,9,29,9,0.21,22,emotional,Extrovert
user_1544,3,246,0,44.27,6,emotional,Introvert
user_1545,6,205,0,3.32,23,emotional,Introvert
user_1546,6,81,6,47.65,15,informative,Extrovert
user_1547,7,104,2,14.09,7,emotional,Introvert
user_1548,9,153,2,19.1,9,emotional,Introvert
user_1549,7,190,4,4.58,13,emotional,Introvert
user_1550,1,232,5,5.61,10,emotional,Extrovert
user_1551,8,37,1,36.34,1,informative,Extrovert
user_1552,5,79,2,47.22,11,neutral,Introvert
user_1553,9,107,5,30.54,19,neutral,Extrovert
user_1554,5,46,2,35.79,19,emotional,Introvert
user_1555,5,87,4,38.1,12,emotional,Extrovert
user_1556,2,297,8,13.14,14,neutral,Extrovert
user_1557,3,59,2,2.26,11,informative,Extrovert
user_1558,9,128,5,0.09,12,informative,Introvert
user_1559,7,93,4,17.53,7,informative,Extrovert
user_1560,1,85,4,12.07,15,informative,Extrovert
user_1561,3,187,5,3.12,2,informative,Introvert
user_1562,2,281,5,8.98,12,informative,Introvert
user_1563,1,293,0,6.22,11,informative,Introvert
user_1564,9,256,8,45.74,18,informative,Introvert
user_1565,8,234,4,7.01,1,informative,Extrovert
user_1566,5,168,0,26.88,0,emotional,Introvert
user_1567,2,126,7,29.66,7,informative,Introvert
user_1568,1,160,6,27.17,8,emotional,Extrovert
user_1569,7,95,6,4.95,7,neutral,Extrovert
user_1570,2,28,4,15.94,20,emotional,Introvert
user_1571,1,215,0,2.56,16,neutral,Extrovert
user_1572,2,299,8,19.78,8,emotional,Extrovert
user_1573,7,137,8,9.43,5,neutral,Introvert
user_1574,7,80,7,28.08,14,emotional,Extrovert
user_1575,6,70,4,34.64,22,emotional,Introvert
user_1576,5,71,2,26.61,23,neutral,Introvert
user_1577,3,141,7,21.71,12,informative,Introvert
user_1578,3,186,0,19.37,20,informative,Introvert
user_1579,9,27,2,42.08,21,informative,Introvert
user_1580,4,64,6,10.97,11,informative,Extrovert
user_1581,9,264,3,36.71,12,informative,Extrovert
user_1582,4,126,6,37.87,6,emotional,Introvert
user_1583,2,46,4,20.96,22,informative,Extrovert
user_1584,4,212,5,14.87,17,emotional,Introvert
user_1585,6,81,6,23.53,13,neutral,Introvert
user_1586,6,81,9,4.66,10,informative,Extrovert
user_1587,5,140,6,2.3,13,informative,Introvert
user_1588,1,299,6,5.58,16,informative,Extrovert
user_1589,3,58,6,9.36,23,informative,Introvert
user_1590,5,296,6,25.21,20,emotional,Introvert
user_1591,6,113,2,42.46,1,emotional,Introvert
user_1592,1,134,2,11.78,18,emotional,Introvert
user_1593,9,195,6,46.76,15,neutral,Introvert
user_1594,3,140,1,47.75,21,emotional,Extrovert
user_1595,3,32,1,47.95,9,informative,Introvert
user_1596,2,182,2,41.88,21,neutral,Introvert
user_1597,8,294,3,18.19,7,neutral,Extrovert
user_1598,3,195,5,3.63,20,informative,Extrovert
user_1599,6,192,7,28.44,4,informative,Extrovert
user_1600,2,294,9,27.93,6,informative,Extrovert
user_1601,7,83,9,42.5,12,informative,Introvert
user_1602,4,120,6,49.8,15,emotional,Extrovert
user_1603,9,85,3,25.41,4,neutral,Introvert
user_1604,9,64,1,17.26,15,informative,Introvert
user_1605,7,106,1,9.3,14,emotional,Extrovert
user_1606,8,86,3,0.24,8,informative,Extrovert
user_1607,3,278,5,25.46,21,emotional,Extrovert
user_1608,5,224,2,27.78,22,informative,Extrovert
user_1609,2,197,5,41.25,11,informative,Introvert
user_1610,7,299,4,25.23,7,informative,Introvert
user_1611,8,36,4,45.82,12,emotional,Extrovert
user_1612,9,221,1,31.4,4,informative,Introvert
user_1613,7,191,7,42.02,13,emotional,Introvert
user_1614,8,281,4,7.42,15,emotional,Extrovert
user_1615,9,213,1,42.77,10,neutral,Introvert
user_1616,6,168,6,33.76,19,emotional,Extrovert
user_1617,2,54,8,8.51,11,emotional,Introvert
user_1618,2,48,8,9.49,14,emotional,Extrovert
user_1619,4,282,0,46.33,23,emotional,Extrovert
user_1620,9,240,6,1.61,11,emotional,Introvert
user_1621,7,72,8,23.13,8,neutral,Extrovert
user_1622,2,298,5,15.67,0,informative,Introvert
user_1623,8,95,0,33.25,2,neutral,Extrovert
user_1624,7,195,1,41.98,11,neutral,Extrovert
user_1625,9,29,3,18.02,19,informative,Introvert
user_1626,8,136,3,21.35,12,emotional,Extrovert
user_1627,3,299,1,49.1,22,informative,Introvert
user_1628,1,237,7,39.2,5,emotional,Introvert
user_1629,2,194,1,44.86,9,informative,Extrovert
user_1630,2,253,2,21.94,9,neutral,Introvert
user_1631,4,271,3,11.7,15,emotional,Extrovert
user_1632,6,25,8,20.59,0,neutral,Introvert
user_1633,4,40,9,35.8,15,emotional,Extrovert
user_1634,9,92,0,5.47,3,informative,Introvert
user_1635,4,55,7,13.52,5,informative,Extrovert
user_1636,6,252,4,2.33,18,informative,Introvert
user_1637,6,235,6,21.62,1,informative,Introvert
user_1638,1,225,7,41.37,17,informative,Introvert
user_1639,8,63,4,1.23,9,neutral,Introvert
user_1640,3,110,7,33.77,3,neutral,Introvert
user_1641,6,112,9,46.62,0,emotional,Extrovert
user_1642,3,102,7,11.85,14,neutral,Extrovert
user_1643,2,40,8,34.68,9,emotional,Introvert
user_1644,5,247,1,48.76,17,emotional,Extrovert
user_1645,1,149,2,48.11,15,neutral,Extrovert
user_1646,9,194,0,11.75,12,neutral,Introvert
user_1647,7,127,3,5.02,14,emotional,Extrovert
user_1648,3,90,4,7.41,1,neutral,Extrovert
user_1649,4,69,0,35.1,19,neutral,Extrovert
user_1650,6,114,7,36.29,3,neutral,Extrovert
user_1651,3,298,1,33.71,0,informative,Extrovert
user_1652,7,151,0,16.8,6,informative,Introvert
user_1653,6,295,1,8.49,22,emotional,Introvert
user_1654,9,32,4,29.04,10,neutral,Extrovert
user_1655,5,22,8,24.18,9,emotional,Extrovert
user_1656,4,243,8,36.44,0,neutral,Extrovert
user_1657,3,194,1,22.07,10,informative,Introvert
user_1658,1,109,1,16.93,23,neutral,Introvert
user_1659,3,260,2,14.67,9,neutral,Introvert
user_1660,3,54,6,10.57,13,neutral,Extrovert
user_1661,7,33,2,13.29,13,informative,Extrovert
user_1662,7,214,0,4.74,6,informative,Extrovert
user_1663,1,232,5,17.34,22,informative,Extrovert
user_1664,3,22,2,1.83,10,emotional,Introvert
user_1665,8,198,0,9.32,21,neutral,Extrovert
user_1666,9,59,3,37.34,3,informative,Introvert
user_1667,7,183,0,16.27,23,emotional,Introvert
user_1668,7,254,0,33.41,1,informative,Introvert
user_1669,8,276,1,35.84,6,neutral,Introvert
user_1670,6,135,9,29.06,18,emotional,Introvert
user_1671,3,71,7,47.93,13,informative,Introvert
user_1672,1,161,1,1.07,18,informative,Extrovert
user_1673,7,105,1,36.93,6,emotional,Introvert
user_1674,1,65,9,47.94,11,emotional,Introvert
user_1675,1,257,9,43.11,2,emotional,Extrovert
user_1676,9,29,7,8.39,14,emotional,Introvert
user_1677,7,171,5,16.34,4,emotional,Extrovert
user_1678,4,80,3,8.62,7,informative,Introvert
user_1679,6,37,2,30.07,13,emotional,Extrovert
user_1680,1,105,0,35.61,3,emotional,Introvert
user_1681,7,156,2,15.85,6,neutral,Extrovert
user_1682,6,249,8,26.98,6,informative,Extrovert
user_1683,4,147,4,34.55,17,neutral,Extrovert
user_1684,7,123,5,21.07,13,informative,Introvert
user_1685,3,205,4,42.7,7,informative,Extrovert
user_1686,1,197,0,38.58,11,informative,Extrovert
user_1687,4,25,9,3.23,9,emotional,Introvert
user_1688,3,55,0,31.06,13,neutral,Introvert
user_1689,1,33,3,11.77,8,informative,Extrovert
user_1690,2,256,2,27.88,5,informative,Extrovert
user_1691,5,69,7,47.84,4,informative,Extrovert
user_1692,8,280,6,43.95,0,neutral,Extrovert
user_1693,1,129,6,20.23,0,informative,Introvert
user_1694,4,216,7,14.58,19,neutral,Introvert
user_1695,4,271,9,11.72,16,neutral,Extrovert
user_1696,5,107,6,26.63,10,emotional,Extrovert
user_1697,7,45,9,5.71,11,informative,Extrovert
user_1698,8,281,1,27.46,2,informative,Extrovert
user_1699,6,163,3,0.07,5,neutral,Introvert
user_1700,1,79,5,16.19,10,neutral,Extrovert
user_1701,7,287,2,11.0,12,emotional,Extrovert
user_1702,3,94,2,48.56,10,informative,Introvert
user_1703,6,22,5,36.36,7,neutral,Introvert
user_1704,8,82,0,17.48,9,informative,Extrovert
user_1705,7,255,0,4.64,1,informative,Extrovert
user_1706,6,248,4,25.84,23,informative,Introvert
user_1707,9,294,0,10.67,13,neutral,Introvert
user_1708,9,37,9,26.82,15,informative,Extrovert
user_1709,1,99,7,41.77,16,neutral,Introvert
user_1710,1,234,1,30.79,10,emotional,Introvert
user_1711,1,190,5,31.69,1,emotional,Introvert
user_1712,8,274,9,27.05,23,neutral,Introvert
user_1713,7,145,9,46.36,22,informative,Introvert
user_1714,3,274,4,46.6,4,emotional,Extrovert
user_1715,2,91,9,25.64,15,emotional,Introvert
user_1716,4,57,3,15.29,15,neutral,Introvert
user_1717,3,223,0,22.98,1,neutral,Extrovert
user_1718,7,191,2,9.33,15,neutral,Extrovert
user_1719,8,242,3,31.82,4,neutral,Introvert
user_1720,6,236,1,25.0,7,neutral,Extrovert
user_1721,3,264,1,5.17,19,neutral,Introvert
user_1722,6,210,1,9.88,13,neutral,Extrovert
user_1723,2,201,0,23.98,9,informative,Extrovert
user_1724,7,224,9,44.38,22,informative,Extrovert
user_1725,7,218,1,28.32,1,informative,Extrovert
user_1726,4,184,5,34.08,2,informative,Introvert
user_1727,8,261,2,16.95,17,emotional,Extrovert
user_1728,4,149,9,28.57,20,informative,Extrovert
user_1729,7,246,4,22.37,1,emotional,Introvert
user_1730,4,141,0,32.96,20,emotional,Extrovert
user_1731,5,63,7,2.53,8,emotional,Introvert
user_1732,7,215,3,24.67,1,neutral,Introvert
user_1733,3,223,8,14.8,6,emotional,Extrovert
user_1734,5,276,3,16.31,6,emotional,Extrovert
user_1735,3,36,1,48.05,13,emotional,Introvert
user_1736,5,291,2,9.13,4,neutral,Introvert
user_1737,3,28,4,15.56,7,informative,Extrovert
user_1738,7,268,9,25.49,22,informative,Extrovert
user_1739,1,220,5,43.15,21,emotional,Extrovert
user_1740,9,78,6,20.83,17,emotional,Extrovert
user_1741,9,159,3,37.19,5,informative,Introvert
user_1742,5,138,6,42.82,13,informative,Introvert
user_1743,9,60,9,15.5,17,informative,Introvert
user_1744,6,286,2,19.64,16,informative,Introvert
user_1745,5,27,6,17.83,8,emotional,Introvert
user_1746,3,202,3,41.64,12,emotional,Extrovert
user_1747,8,153,7,2.22,15,emotional,Introvert
user_1748,4,200,8,15.42,20,informative,Introvert
user_1749,3,91,6,33.97,9,neutral,Introvert
user_1750,6,132,7,28.27,9,informative,Introvert
user_1751,8,126,7,21.81,3,informative,Introvert
user_1752,9,136,1,27.0,11,neutral,Extrovert
user_1753,6,139,8,9.88,7,neutral,Introvert
user_1754,5,166,5,21.54,14,informative,Introvert
user_1755,2,229,3,25.09,20,neutral,Introvert
user_1756,2,122,4,45.06,22,neutral,Extrovert
user_1757,9,143,9,13.04,18,neutral,Introvert
user_1758,2,264,4,43.39,14,informative,Introvert
user_1759,2,228,6,32.21,7,informative,Extrovert
user_1760,3,128,8,1.02,7,neutral,Introvert
user_1761,3,69,6,36.23,18,emotional,Extrovert
user_1762,4,124,8,1.78,8,neutral,Extrovert
user_1763,7,46,3,49.87,23,neutral,Introvert
user_1764,9,276,9,43.63,16,informative,Introvert
user_1765,2,292,9,14.87,7,emotional,Introvert
user_1766,4,156,3,12.87,11,neutral,Introvert
user_1767,9,51,5,19.07,14,emotional,Introvert
user_1768,2,64,7,17.81,3,informative,Introvert
user_1769,1,284,8,18.62,5,emotional,Introvert
user_1770,8,49,0,15.91,15,informative,Extrovert
user_1771,9,103,0,31.06,4,neutral,Introvert
user_1772,7,185,7,8.21,22,informative,Extrovert
user_1773,8,20,6,42.3,12,emotional,Extrovert
user_1774,4,268,8,40.62,14,emotional,Introvert
user_1775,4,280,2,23.82,16,emotional,Extrovert
user_1776,2,82,9,42.64,21,neutral,Introvert
user_1777,8,183,4,12.36,19,emotional,Introvert
user_1778,2,220,2,0.88,21,emotional,Extrovert
user_1779,9,241,4,30.96,4,emotional,Extrovert
user_1780,4,171,9,22.9,18,informative,Extrovert
user_1781,1,151,0,28.36,6,emotional,Introvert
user_1782,4,133,3,44.97,2,informative,Introvert
user_1783,3,236,5,48.5,12,emotional,Extrovert
user_1784,6,215,1,31.72,13,informative,Extrovert
user_1785,7,221,6,38.2,15,informative,Extrovert
user_1786,8,154,7,4.19,12,neutral,Extrovert
user_1787,2,253,0,8.04,1,neutral,Introvert
user_1788,6,160,3,36.66,13,informative,Extrovert
user_1789,6,215,3,21.57,19,informative,Introvert
user_1790,5,62,4,22.3,6,neutral,Extrovert
user_1791,7,76,3,15.43,4,informative,Introvert
user_1792,3,161,8,30.37,13,neutral,Extrovert
user_1793,4,229,6,9.26,8,neutral,Introvert
user_1794,9,91,1,31.35,9,emotional,Introvert
user_1795,4,243,0,8.69,6,emotional,Extrovert
user_1796,3,46,8,3.19,13,neutral,Introvert
user_1797,2,147,0,16.52,13,neutral,Introvert
user_1798,5,125,5,11.56,1,informative,Extrovert
user_1799,4,184,1,44.45,16,neutral,Extrovert
user_1800,8,234,3,2.75,19,neutral,Introvert
user_1801,7,90,5,8.83,3,emotional,Extrovert
user_1802,6,223,4,27.44,12,neutral,Extrovert
user_1803,2,172,5,24.05,17,informative,Introvert
user_1804,3,86,2,2.29,2,neutral,Introvert
user_1805,9,109,4,0.36,18,emotional,Introvert
user_1806,9,279,1,49.4,4,emotional,Extrovert
user_1807,5,247,6,32.94,0,emotional,Introvert
user_1808,3,98,2,18.27,8,emotional,Extrovert
user_1809,2,115,0,23.52,23,neutral,Extrovert
user_1810,8,265,7,13.33,7,informative,Extrovert
user_1811,6,291,7,17.24,2,informative,Introvert
user_1812,7,176,2,32.45,1,informative,Introvert
user_1813,1,135,6,44.14,0,neutral,Extrovert
user_1814,1,37,8,9.21,11,neutral,Introvert
user_1815,2,191,7,42.02,21,neutral,Extrovert
user_1816,3,35,2,6.08,12,informative,Extrovert
user_1817,1,259,1,10.75,9,neutral,Introvert
user_1818,5,75,9,1.86,16,neutral,Extrovert
user_1819,3,98,6,7.04,10,emotional,Extrovert
user_1820,1,122,6,45.87,4,emotional,Extrovert
user_1821,8,212,8,22.97,8,informative,Extrovert
user_1822,6,24,4,3.88,12,emotional,Introvert
user_1823,9,125,3,47.99,19,emotional,Introvert
user_1824,3,297,7,43.95,22,emotional,Introvert
user_1825,9,119,3,37.73,10,neutral,Extrovert
user_1826,9,257,3,46.67,22,emotional,Introvert
user_1827,1,288,1,11.01,3,emotional,Extrovert
user_1828,3,105,0,41.82,20,emotional,Extrovert
user_1829,6,51,3,34.5,10,neutral,Extrovert
user_1830,8,70,6,43.49,8,informative,Extrovert
user_1831,4,98,8,39.85,6,neutral,Introvert
user_1832,5,205,8,17.32,15,neutral,Extrovert
user_1833,9,193,9,38.72,22,emotional,Extrovert
user_1834,6,125,0,13.12,22,informative,Introvert
user_1835,7,82,4,16.43,4,emotional,Introvert
user_1836,7,95,6,5.4,5,emotional,Extrovert
user_1837,4,100,6,46.75,18,informative,Extrovert
user_1838,4,147,9,14.55,0,informative,Introvert
user_1839,4,202,5,26.03,15,neutral,Introvert
user_1840,5,262,9,19.57,17,informative,Introvert
user_1841,5,204,3,48.0,23,neutral,Extrovert
user_1842,8,239,2,16.75,12,neutral,Introvert
user_1843,9,90,8,38.93,0,emotional,Extrovert
user_1844,2,173,9,42.77,9,emotional,Extrovert
user_1845,7,264,3,21.78,6,emotional,Extrovert
user_1846,1,159,7,18.91,4,informative,Extrovert
user_1847,1,90,0,37.39,12,informative,Extrovert
user_1848,4,65,6,45.64,21,neutral,Introvert
user_1849,7,66,5,37.75,15,neutral,Introvert
user_1850,2,98,0,11.36,23,neutral,Extrovert
user_1851,2,168,3,44.42,19,informative,Introvert
user_1852,1,149,4,19.38,21,neutral,Extrovert
user_1853,2,146,7,28.81,13,neutral,Introvert
user_1854,7,138,3,41.57,10,informative,Extrovert
user_1855,9,281,2,9.42,18,emotional,Introvert
user_1856,6,263,1,39.23,22,informative,Extrovert
user_1857,2,122,3,29.81,1,neutral,Introvert
user_1858,9,56,9,44.67,7,emotional,Extrovert
user_1859,7,161,3,8.6,12,informative,Introvert
user_1860,1,56,9,21.03,6,emotional,Introvert
user_1861,9,27,4,41.64,11,emotional,Introvert
user_1862,2,250,6,0.96,7,neutral,Extrovert
user_1863,4,126,8,5.61,15,informative,Extrovert
user_1864,9,37,1,49.53,17,neutral,Introvert
user_1865,4,102,4,14.02,18,informative,Introvert
user_1866,3,213,9,48.78,3,informative,Extrovert
user_1867,1,234,8,9.13,11,informative,Introvert
user_1868,7,239,2,18.05,15,emotional,Introvert
user_1869,6,213,0,37.64,20,emotional,Extrovert
user_1870,4,177,1,32.89,21,neutral,Introvert
user_1871,6,123,5,29.06,16,informative,Extrovert
user_1872,6,53,4,26.49,3,informative,Introvert
user_1873,4,121,0,42.17,19,emotional,Introvert
user_1874,6,146,0,11.75,23,informative,Introvert
user_1875,8,233,3,22.12,23,neutral,Extrovert
user_1876,3,198,3,7.77,21,informative,Introvert
user_1877,4,99,5,29.8,23,informative,Introvert
user_1878,1,160,5,12.53,8,emotional,Introvert
user_1879,4,50,9,16.69,4,informative,Extrovert
user_1880,9,82,5,23.56,16,neutral,Introvert
user_1881,8,67,0,1.34,16,neutral,Extrovert
user_1882,4,106,9,4.6,1,neutral,Introvert
user_1883,7,80,8,34.3,1,neutral,Introvert
user_1884,3,293,6,21.45,20,emotional,Introvert
user_1885,9,99,6,43.24,22,informative,Extrovert
user_1886,4,199,6,34.73,6,emotional,Extrovert
user_1887,2,291,1,0.41,3,neutral,Extrovert
user_1888,5,96,1,30.84,12,informative,Extrovert
user_1889,2,240,5,4.69,19,emotional,Introvert
user_1890,6,47,6,39.05,10,informative,Introvert
user_1891,1,96,2,49.58,2,neutral,Introvert
user_1892,6,183,3,26.56,1,neutral,Extrovert
user_1893,4,28,2,34.14,15,informative,Extrovert
user_1894,3,194,6,11.87,2,informative,Introvert
user_1895,2,95,6,21.88,23,neutral,Introvert
user_1896,7,264,3,42.8,14,emotional,Extrovert
user_1897,9,141,6,8.37,16,neutral,Introvert
user_1898,3,204,4,13.28,15,informative,Introvert
user_1899,6,51,0,22.27,19,emotional,Introvert
user_1900,9,269,9,35.61,6,neutral,Introvert
user_1901,2,76,3,18.79,15,informative,Extrovert
user_1902,7,163,6,46.39,4,informative,Extrovert
user_1903,5,103,1,4.72,1,informative,Extrovert
user_1904,5,75,1,18.54,0,emotional,Extrovert
user_1905,7,298,0,35.45,21,emotional,Introvert
user_1906,9,292,1,11.3,12,emotional,Introvert
user_1907,4,185,9,32.82,15,emotional,Extrovert
user_1908,9,177,7,8.21,4,informative,Introvert
user_1909,9,268,7,2.8,2,informative,Extrovert
user_1910,4,205,7,6.05,14,emotional,Extrovert
user_1911,3,97,0,46.5,15,emotional,Extrovert
user_1912,2,41,0,27.59,10,informative,Introvert
user_1913,9,127,9,39.82,18,neutral,Extrovert
user_1914,2,292,3,16.63,17,neutral,Extrovert
user_1915,6,271,5,29.63,20,informative,Introvert
user_1916,5,34,7,24.75,8,emotional,Introvert
user_1917,5,179,1,47.29,7,emotional,Introvert
user_1918,4,224,2,37.38,21,informative,Extrovert
user_1919,6,132,5,36.53,18,neutral,Extrovert
user_1920,5,187,9,2.32,21,informative,Extrovert
user_1921,4,272,3,27.48,4,informative,Extrovert
user_1922,9,205,1,23.35,16,informative,Introvert
user_1923,6,246,6,46.39,4,emotional,Extrovert
user_1924,3,35,3,12.87,13,emotional,Introvert
user_1925,6,175,7,13.49,6,emotional,Introvert
user_1926,1,130,7,20.57,8,neutral,Introvert
user_1927,5,20,6,12.17,16,informative,Introvert
user_1928,6,60,9,6.46,2,informative,Introvert
user_1929,8,67,8,42.87,7,neutral,Extrovert
user_1930,9,127,3,27.91,21,emotional,Introvert
user_1931,3,180,6,43.07,12,informative,Introvert
user_1932,2,180,9,41.56,15,neutral,Introvert
user_1933,4,147,9,14.1,20,emotional,Extrovert
user_1934,8,229,0,27.39,9,emotional,Introvert
user_1935,8,170,3,4.16,17,informative,Introvert
user_1936,3,274,1,45.76,2,emotional,Extrovert
user_1937,4,237,8,20.21,11,neutral,Extrovert
user_1938,3,49,4,19.68,15,emotional,Extrovert
user_1939,2,64,2,15.14,17,informative,Extrovert
user_1940,4,99,3,23.03,16,neutral,Introvert
user_1941,6,58,5,12.59,6,emotional,Introvert
user_1942,5,259,9,18.74,18,emotional,Extrovert
user_1943,3,64,0,40.0,22,emotional,Introvert
user_1944,2,97,6,41.71,22,neutral,Extrovert
user_1945,9,299,7,15.21,7,emotional,Extrovert
user_1946,1,135,6,23.45,16,informative,Extrovert
user_1947,9,288,6,43.69,20,neutral,Introvert
user_1948,1,72,8,2.63,6,neutral,Extrovert
user_1949,7,87,3,44.46,0,emotional,Extrovert
user_1950,6,201,6,10.96,7,neutral,Extrovert
user_1951,7,53,8,33.93,18,informative,Introvert
user_1952,3,268,4,29.13,19,neutral,Extrovert
user_1953,3,130,1,27.65,19,informative,Introvert
user_1954,1,113,4,42.97,9,emotional,Extrovert
user_1955,4,198,3,5.08,11,neutral,Extrovert
user_1956,2,66,7,17.35,23,informative,Extrovert
user_1957,8,111,4,26.91,0,emotional,Extrovert
user_1958,3,231,8,40.56,23,informative,Introvert
user_1959,7,94,8,10.82,20,neutral,Extrovert
user_1960,7,221,2,40.15,3,neutral,Extrovert
user_1961,9,230,9,19.98,3,informative,Extrovert
user_1962,6,153,5,9.45,8,emotional,Extrovert
user_1963,1,85,5,37.95,14,emotional,Introvert
user_1964,8,299,3,4.54,23,emotional,Extrovert
user_1965,1,47,9,25.74,14,emotional,Extrovert
user_1966,3,136,2,3.19,6,informative,Extrovert
user_1967,5,133,0,17.82,11,neutral,Introvert
user_1968,8,94,6,30.05,2,informative,Extrovert
user_1969,9,221,4,27.81,19,neutral,Introvert
user_1970,7,78,9,20.23,8,neutral,Extrovert
user_1971,9,34,6,21.45,13,informative,Extrovert
user_1972,3,250,0,11.34,12,informative,Introvert
user_1973,5,124,7,22.79,23,emotional,Introvert
user_1974,8,184,2,47.66,11,neutral,Introvert
user_1975,1,218,6,42.52,0,emotional,Extrovert
user_1976,8,54,2,7.26,18,emotional,Introvert
user_1977,7,181,2,1.49,15,informative,Introvert
user_1978,1,264,9,46.68,11,emotional,Introvert
user_1979,6,38,8,26.34,9,emotional,Extrovert
user_1980,1,299,1,26.89,1,emotional,Introvert
user_1981,2,201,3,39.04,17,informative,Introvert
user_1982,5,166,5,15.73,12,emotional,Introvert
user_1983,2,195,2,24.1,23,emotional,Extrovert
user_1984,1,182,9,48.43,5,informative,Extrovert
user_1985,6,194,9,33.61,11,informative,Extrovert
user_1986,8,66,6,7.69,21,informative,Extrovert
user_1987,8,275,6,6.66,3,neutral,Introvert
user_1988,8,193,4,10.21,0,informative,Introvert
user_1989,6,122,2,38.34,10,neutral,Introvert
user_1990,3,140,1,14.77,22,informative,Extrovert
user_1991,1,164,3,1.07,7,informative,Extrovert
user_1992,2,61,3,47.21,1,informative,Extrovert
user_1993,5,48,7,8.49,1,neutral,Introvert
user_1994,5,292,7,0.48,15,emotional,Extrovert
user_1995,1,33,4,11.86,0,informative,Extrovert
user_1996,1,208,5,11.75,3,neutral,Extrovert
user_1997,9,202,7,21.1,5,informative,Introvert
user_1998,2,55,0,46.02,20,emotional,Introvert
user_1999,7,56,4,43.96,19,neutral,Introvert
